ID,Type,Name,Value,Priority
0,S,Main_Grid,200000.0,0
1,L,Device_1,225.41,2
2,L,Device_2,182.16,1
3,L,,100,3
4,S,Device_4,1744.25,0
5,L,Device_5,197.37,1
6,L,Device_6,170.5,3
7,L,Device_7,185.85,3
8,L,Device_8,191.67,2
9,L,Device_9,211.2,3
10,L,Device_10,199.71,3
11,L,Device_11,248.45,1
12,L,Device_12,233.62,3
13,L,Device_13,241.52,2
14,L,Device_14,268.43,3
15,L,Device_15,167.71,1
16,L,Device_16,290.67,3
17,L,Device_17,235.82,3
18,L,Device_18,203.51,3
19,L,Device_19,181.15,3
20,L,Device_20,161.18,1
21,L,Device_21,193.88,2
22,L,Device_22,202.82,2
23,,Device_23,100,3
24,L,Device_24,139.89,3
25,L,Device_25,262.13,3
26,L,Device_26,192.9,3
27,L,Device_27,222.46,3
28,L,Device_28,113.41,1
29,L,Device_29,175.26,2
30,L,Device_30,205.31,1
31,L,Device_31,186.3,2
32,L,Device_32,220.58,2
33,L,Device_33,237.13,3
34,L,Device_34,190.0,1
35,L,Device_35,170.97,1
36,L,Device_36,121.12,1
37,L,Device_37,250.67,1
38,L,Device_38,194.41,2
39,L,Device_39,125.23,1
40,L,Device_40,220.89,1
41,L,Device_41,175.99,1
42,L,Device_42,208.6,3
43,L,Device_43,214.28,1
44,L,Device_44,288.25,1
45,L,Device_45,194.59,3
46,L,Device_46,240.23,3
47,L,Device_47,295.24,3
48,L,Device_48,113.52,3
49,L,Device_49,152.01,1
50,L,,100,3
51,L,Device_51,142.21,2
52,L,Device_52,201.95,1
53,L,Device_53,214.7,2
54,L,Device_54,242.27,1
55,L,Device_55,233.54,1
56,L,Device_56,289.88,3
57,L,Device_57,141.73,3
58,L,Device_58,190.52,3
59,L,Device_59,296.39,1
60,L,Device_60,209.74,1
61,L,Device_61,156.75,1
62,L,Device_62,135.04,1
63,L,Device_63,198.22,1
64,L,Device_64,121.35,3
65,L,Device_65,192.25,1
66,L,Device_66,200.51,1
67,L,Device_67,190.19,1
68,L,Device_68,259.86,3
69,L,Device_69,220.83,1
70,L,Device_70,208.83,3
71,L,Device_71,,3
72,L,Device_72,236.8,3
73,L,Device_73,160.84,3
74,L,Device_74,296.7,2
75,S,Device_75,1446.18,0
76,L,Device_76,132.49,1
77,L,Device_77,220.86,1
78,L,Device_78,154.05,1
79,L,Device_79,232.91,3
80,L,Device_80,176.94,1
81,S,Device_81,1582.84,0
82,L,Device_82,167.41,3
83,L,Device_83,166.86,2
84,L,Device_84,184.98,1
85,L,Device_85,234.84,2
86,L,Device_86,246.08,1
87,S,Device_87,1396.85,0
88,L,Device_88,252.87,3
89,L,Device_89,253.54,1
90,L,Device_90,201.79,2
91,L,Device_91,183.23,2
92,L,Device_92,168.23,1
93,L,Device_93,129.19,1
94,L,Device_94,186.66,1
95,L,Device_95,185.0,3
96,S,Device_96,1290.32,0
97,L,Device_97,178.53,3
98,L,Device_98,260.86,1
99,L,Device_99,200.29,3
100,L,Device_100,95.18,1
101,L,Device_101,276.02,1
102,L,Device_102,148.0,3
103,L,Device_103,167.86,1
104,L,Device_104,262.66,1
105,L,Device_105,200.9,3
106,L,Device_106,267.23,3
107,L,Device_107,207.75,3
108,L,Device_108,197.86,1
109,L,Device_109,191.74,3
110,L,Device_110,197.6,1
111,L,Device_111,197.59,1
112,L,Device_112,208.52,1
113,L,Device_113,199.02,3
114,L,Device_114,162.44,1
115,L,Device_115,277.49,1
116,L,Device_116,203.44,1
117,L,Device_117,168.78,3
118,L,Device_118,105.06,2
119,L,Device_119,195.03,1
120,L,Device_120,213.37,1
121,L,Device_121,283.57,1
122,L,Device_122,162.3,1
123,L,Device_123,179.37,2
124,L,Device_124,169.48,3
125,L,Device_125,292.23,3
126,L,Device_126,154.37,3
127,L,Device_127,167.95,1
128,L,Device_128,285.48,1
129,L,Device_129,141.79,1
130,L,Device_130,164.22,1
131,L,Device_131,265.11,1
132,L,Device_132,160.76,2
133,L,Device_133,247.5,1
134,L,Device_134,141.94,1
135,L,Device_135,224.72,3
136,L,Device_136,110.28,3
137,L,Device_137,214.44,1
138,L,Device_138,222.49,2
139,L,Device_139,180.25,3
140,L,Device_140,230.03,3
141,L,Device_141,125.52,2
142,L,Device_142,234.95,3
143,L,Device_143,159.83,3
144,L,Device_144,217.67,1
145,L,Device_145,86.65,2
146,L,Device_146,262.39,2
147,L,Device_147,168.78,1
148,L,Device_148,225.05,3
149,L,Device_149,244.56,1
150,L,Device_150,176.1,1
151,L,Device_151,189.77,3
152,L,Device_152,108.23,3
153,L,Device_153,185.99,2
154,L,Device_154,216.1,3
155,L,Device_155,219.85,2
156,L,Device_156,100.96,3
157,L,Device_157,206.9,2
158,L,Device_158,242.64,3
159,L,Device_159,220.13,1
160,L,Device_160,167.53,1
161,L,Device_161,266.72,1
162,L,Device_162,278.97,3
163,L,Device_163,144.16,3
164,L,Device_164,191.45,1
165,L,Device_165,210.07,3
166,L,Device_166,300.21,1
167,L,Device_167,135.78,2
168,L,Device_168,252.92,1
169,L,Device_169,364.62,1
170,L,Device_170,216.8,1
171,L,Device_171,110.5,3
172,L,Device_172,219.97,3
173,L,Device_173,276.95,1
174,L,Device_174,204.32,3
175,L,Device_175,234.66,3
176,L,Device_176,197.78,1
177,L,Device_177,233.05,1
178,L,Device_178,186.81,1
179,L,Device_179,180.42,1
180,L,Device_180,145.76,1
181,S,Device_181,1717.14,0
182,L,Device_182,203.23,2
183,L,Device_183,144.16,1
184,L,Device_184,131.77,3
185,L,Device_185,164.07,1
186,L,Device_186,258.76,3
187,L,Device_187,256.46,3
188,L,Device_188,259.78,1
189,L,Device_189,185.76,1
190,L,Device_190,171.81,1
191,L,Device_191,246.91,1
192,L,Device_192,176.28,1
193,L,Device_193,130.84,2
194,L,Device_194,254.2,2
195,L,Device_195,231.74,3
196,L,Device_196,151.86,1
197,L,Device_197,239.92,1
198,L,Device_198,222.76,3
199,L,Device_199,154.45,1
200,L,Device_200,245.45,1
201,L,Device_201,207.2,1
202,L,Device_202,210.41,3
203,L,Device_203,122.1,1
204,L,Device_204,179.55,3
205,L,Device_205,186.41,1
206,L,Device_206,208.62,1
207,L,Device_207,203.94,3
208,L,Device_208,223.64,1
209,L,Device_209,176.84,1
210,L,Device_210,217.89,1
211,L,Device_211,128.41,3
212,L,Device_212,295.58,3
213,L,Device_213,174.9,3
214,L,Device_214,229.18,1
215,L,Device_215,192.26,1
216,L,Device_216,155.85,1
217,L,Device_217,220.19,2
218,L,Device_218,216.3,1
219,L,Device_219,131.33,1
220,L,Device_220,140.55,1
221,L,Device_221,202.65,2
222,L,Device_222,100,
223,L,,100,3
224,L,Device_224,208.92,3
225,L,Device_225,195.27,1
226,L,Device_226,166.66,3
227,L,Device_227,198.08,1
228,S,Device_228,1505.15,0
229,L,Device_229,115.55,1
230,L,Device_230,164.34,3
231,L,Device_231,232.89,2
232,L,Device_232,230.69,1
233,L,Device_233,242.21,3
234,L,Device_234,231.9,3
235,L,Device_235,183.23,1
236,L,Device_236,262.01,3
237,L,Device_237,156.89,1
238,L,Device_238,182.04,1
239,L,Device_239,234.32,1
240,L,Device_240,206.06,2
241,L,Device_241,194.35,1
242,L,Device_242,184.22,3
243,L,Device_243,201.53,3
244,L,Device_244,201.28,1
245,L,Device_245,224.53,1
246,L,Device_246,113.51,1
247,L,Device_247,222.34,1
248,L,Device_248,278.58,3
249,L,Device_249,267.64,1
250,S,Device_250,1660.07,0
251,L,Device_251,201.06,1
252,L,Device_252,170.21,3
253,L,Device_253,258.86,1
254,L,Device_254,152.34,2
255,L,Device_255,197.92,1
256,L,Device_256,222.94,1
257,L,Device_257,188.18,2
258,L,Device_258,233.43,1
259,L,Device_259,146.76,1
260,L,Device_260,270.32,1
261,L,Device_261,146.87,3
262,L,Device_262,125.17,3
263,L,Device_263,172.58,3
264,L,Device_264,252.12,2
265,L,Device_265,185.34,1
266,L,Device_266,144.69,3
267,L,Device_267,300.27,3
268,L,Device_268,162.81,1
269,S,Device_269,1248.64,0
270,L,Device_270,198.08,1
271,L,Device_271,160.44,2
272,L,Device_272,223.09,1
273,L,Device_273,230.46,1
274,L,Device_274,210.99,1
275,L,Device_275,134.97,1
276,L,Device_276,213.91,3
277,L,Device_277,201.33,1
278,L,Device_278,59.72,2
279,L,Device_279,181.97,2
280,L,Device_280,214.63,1
281,L,Device_281,170.12,2
282,L,Device_282,196.21,2
283,L,Device_283,227.11,3
284,L,Device_284,231.36,2
285,L,Device_285,129.41,1
286,L,Device_286,134.48,1
287,L,Device_287,169.34,1
288,L,Device_288,162.68,3
289,L,Device_289,221.54,1
290,L,Device_290,208.19,2
291,L,Device_291,161.53,3
292,L,Device_292,125.38,3
293,L,Device_293,160.15,2
294,L,Device_294,174.54,3
295,L,Device_295,201.3,2
296,L,Device_296,203.11,3
297,L,Device_297,200.88,1
298,L,Device_298,204.33,1
299,L,Device_299,175.6,1
300,L,Device_300,165.94,1
301,L,Device_301,178.39,2
302,L,Device_302,203.15,2
303,L,Device_303,147.21,1
304,L,Device_304,133.11,1
305,L,Device_305,161.99,2
306,L,Device_306,234.28,2
307,L,Device_307,131.89,1
308,L,Device_308,224.88,3
309,L,Device_309,207.55,1
310,L,Device_310,214.56,1
311,L,Device_311,251.24,1
312,L,Device_312,213.92,1
313,L,Device_313,153.74,2
314,L,Device_314,160.8,1
315,L,Device_315,193.97,3
316,L,Device_316,165.41,2
317,L,Device_317,202.59,3
318,L,Device_318,158.02,1
319,L,Device_319,132.97,1
320,L,Device_320,159.74,3
321,L,Device_321,210.5,1
322,L,Device_322,72.08,3
323,L,Device_323,145.69,3
324,L,Device_324,100,
325,L,Device_325,264.87,3
326,L,Device_326,188.98,2
327,L,Device_327,203.02,1
328,L,Device_328,91.24,1
329,L,Device_329,167.62,1
330,L,Device_330,239.35,1
331,S,Device_331,1424.06,0
332,S,Device_332,1492.31,0
333,L,Device_333,210.2,1
334,L,Device_334,147.31,1
335,L,Device_335,222.23,1
336,S,Device_336,1336.8,0
337,L,Device_337,214.19,2
338,L,Device_338,290.46,1
339,L,Device_339,225.05,3
340,L,Device_340,304.58,3
341,L,Device_341,121.65,3
342,L,Device_342,198.37,1
343,L,Device_343,236.12,2
344,L,Device_344,149.0,1
345,L,Device_345,193.5,1
346,L,Device_346,133.49,1
347,L,Device_347,174.09,1
348,S,Device_348,1591.91,0
349,L,Device_349,,3
350,L,Device_350,206.1,1
351,L,Device_351,245.93,2
352,L,Device_352,183.71,3
353,L,Device_353,169.46,3
354,L,Device_354,230.24,1
355,L,Device_355,149.14,3
356,L,Device_356,163.06,3
357,L,Device_357,258.63,3
358,L,Device_358,173.49,1
359,L,Device_359,252.7,1
360,L,Device_360,206.21,1
361,L,Device_361,212.56,3
362,L,Device_362,164.55,1
363,L,Device_363,169.08,3
364,L,Device_364,227.25,1
365,L,Device_365,233.85,3
366,L,Device_366,206.83,1
367,L,Device_367,158.68,3
368,L,Device_368,245.57,3
369,L,Device_369,210.33,2
370,S,Device_370,1693.14,0
371,L,Device_371,116.42,2
372,L,Device_372,212.61,3
373,L,Device_373,229.36,1
374,L,Device_374,280.2,1
375,L,Device_375,185.37,3
376,L,Device_376,168.63,3
377,L,Device_377,196.33,2
378,L,Device_378,256.49,3
379,L,Device_379,201.92,1
380,L,Device_380,136.52,3
381,L,Device_381,194.05,1
382,L,Device_382,294.91,3
383,L,Device_383,189.65,3
384,S,Device_384,1253.87,0
385,L,Device_385,173.75,1
386,L,Device_386,207.33,3
387,L,Device_387,295.96,1
388,L,Device_388,164.65,3
389,L,Device_389,267.4,3
390,L,Device_390,171.99,1
391,L,Device_391,246.65,1
392,L,Device_392,194.76,3
393,L,Device_393,234.19,1
394,L,Device_394,146.54,1
395,L,Device_395,205.29,1
396,L,Device_396,261.51,1
397,S,Device_397,1283.23,0
398,L,Device_398,231.45,1
399,L,Device_399,238.69,1
400,L,Device_400,262.62,1
401,L,Device_401,154.23,1
402,L,Device_402,210.09,3
403,L,Device_403,201.48,1
404,L,Device_404,265.45,2
405,L,Device_405,159.89,1
406,L,Device_406,156.29,3
407,L,Device_407,244.64,3
408,L,Device_408,165.46,3
409,L,Device_409,179.41,3
410,L,Device_410,191.02,1
411,L,Device_411,102.32,2
412,L,Device_412,214.37,3
413,L,Device_413,218.78,1
414,S,Device_414,1336.07,0
415,L,Device_415,189.24,3
416,L,Device_416,276.01,3
417,L,Device_417,221.41,3
418,L,Device_418,210.78,1
419,L,Device_419,133.33,3
420,L,Device_420,128.19,1
421,L,Device_421,100,
422,L,Device_422,175.22,1
423,L,Device_423,233.42,1
424,S,Device_424,1763.6,0
425,L,Device_425,142.28,1
426,L,Device_426,128.24,2
427,L,Device_427,151.17,1
428,L,Device_428,262.41,3
429,L,Device_429,206.74,2
430,S,Device_430,1555.35,0
431,L,Device_431,259.6,3
432,L,Device_432,203.8,3
433,L,Device_433,285.78,1
434,L,Device_434,186.51,1
435,L,Device_435,128.11,1
436,L,Device_436,152.01,3
437,L,Device_437,178.58,2
438,L,Device_438,243.84,1
439,L,Device_439,194.05,3
440,L,Device_440,132.81,2
441,S,Device_441,1600.36,0
442,L,Device_442,176.03,1
443,L,Device_443,231.15,3
444,L,Device_444,216.24,3
445,L,Device_445,216.84,1
446,L,Device_446,131.93,1
447,L,Device_447,186.04,3
448,S,Device_448,1693.65,0
449,L,Device_449,163.39,1
450,L,Device_450,249.21,3
451,L,Device_451,279.35,1
452,L,Device_452,275.0,1
453,L,Device_453,234.1,1
454,L,Device_454,327.03,3
455,L,Device_455,159.39,1
456,L,Device_456,175.38,2
457,L,Device_457,236.77,3
458,L,Device_458,249.36,2
459,L,Device_459,206.12,3
460,L,Device_460,176.73,2
461,S,Device_461,1540.88,0
462,L,Device_462,230.41,1
463,L,Device_463,195.32,2
464,L,Device_464,245.28,3
465,L,Device_465,287.78,1
466,L,Device_466,130.9,2
467,L,Device_467,198.83,3
468,L,Device_468,281.9,3
469,L,Device_469,156.0,3
470,L,Device_470,107.11,3
471,L,Device_471,173.44,3
472,L,Device_472,152.21,3
473,L,Device_473,157.11,1
474,L,Device_474,231.25,1
475,L,Device_475,100,
476,L,Device_476,258.88,3
477,L,Device_477,236.04,1
478,L,Device_478,157.51,2
479,L,Device_479,256.68,1
480,L,Device_480,204.93,1
481,L,Device_481,294.29,1
482,L,Device_482,239.74,3
483,L,Device_483,72.68,1
484,L,Device_484,163.88,2
485,L,Device_485,269.39,2
486,L,Device_486,242.72,1
487,L,Device_487,313.45,3
488,L,Device_488,241.31,3
489,L,Device_489,166.76,1
490,L,Device_490,234.25,1
491,L,Device_491,228.81,1
492,L,Device_492,252.11,3
493,L,Device_493,312.24,3
494,L,Device_494,189.84,1
495,L,Device_495,177.59,1
496,L,Device_496,221.45,1
497,L,Device_497,193.48,2
498,L,Device_498,223.13,1
499,L,Device_499,143.62,3
500,L,Device_500,222.2,1
501,L,Device_501,291.17,1
502,L,Device_502,233.14,3
503,L,Device_503,197.39,1
504,L,Device_504,184.49,3
505,L,Device_505,197.04,2
506,L,Device_506,104.6,2
507,L,Device_507,165.36,3
508,L,Device_508,198.61,1
509,L,Device_509,179.21,3
510,L,Device_510,204.14,2
511,L,Device_511,216.07,1
512,L,Device_512,287.52,1
513,L,Device_513,247.85,2
514,L,Device_514,227.38,1
515,L,Device_515,163.13,3
516,L,Device_516,237.81,2
517,L,Device_517,276.56,1
518,L,Device_518,226.74,1
519,L,Device_519,195.48,1
520,L,Device_520,214.77,1
521,L,Device_521,100,
522,L,Device_522,214.79,1
523,L,Device_523,232.07,1
524,,Device_524,100,3
525,L,Device_525,177.98,3
526,L,Device_526,236.1,3
527,L,Device_527,215.58,2
528,L,Device_528,115.26,1
529,L,Device_529,247.71,1
530,L,Device_530,174.39,3
531,L,Device_531,179.03,2
532,,Device_532,100,3
533,L,Device_533,291.94,2
534,L,Device_534,211.06,3
535,L,Device_535,72.1,1
536,L,Device_536,232.76,1
537,L,Device_537,176.63,1
538,L,Device_538,119.92,1
539,L,,100,3
540,L,Device_540,205.8,1
541,L,Device_541,164.26,1
542,L,Device_542,189.09,3
543,L,Device_543,193.2,3
544,L,Device_544,101.58,1
545,L,Device_545,257.5,2
546,L,Device_546,196.6,3
547,L,Device_547,224.2,1
548,L,Device_548,150.56,1
549,L,Device_549,243.23,3
550,L,Device_550,,3
551,L,Device_551,146.24,2
552,L,Device_552,290.08,1
553,L,Device_553,244.5,2
554,L,Device_554,189.76,1
555,L,Device_555,261.35,1
556,L,Device_556,179.03,3
557,L,Device_557,232.61,2
558,L,Device_558,261.28,1
559,L,Device_559,214.88,1
560,L,Device_560,228.54,3
561,L,Device_561,166.56,3
562,L,Device_562,135.54,3
563,L,Device_563,195.13,3
564,L,Device_564,268.75,3
565,L,Device_565,147.04,1
566,L,Device_566,136.15,1
567,L,Device_567,183.37,3
568,L,Device_568,265.2,2
569,L,Device_569,260.12,3
570,L,Device_570,249.54,3
571,L,Device_571,212.6,1
572,L,Device_572,209.07,3
573,L,Device_573,154.51,1
574,L,Device_574,254.09,2
575,L,Device_575,160.76,1
576,L,Device_576,139.64,1
577,S,Device_577,1221.03,0
578,L,Device_578,231.48,3
579,S,Device_579,1388.15,0
580,L,Device_580,185.5,2
581,L,Device_581,178.66,3
582,L,Device_582,179.97,3
583,L,Device_583,138.26,3
584,L,Device_584,287.34,2
585,L,Device_585,207.45,1
586,L,Device_586,285.96,3
587,L,Device_587,226.24,3
588,L,,100,3
589,L,Device_589,221.29,1
590,L,Device_590,174.18,1
591,L,Device_591,237.71,2
592,L,Device_592,62.7,1
593,L,Device_593,132.57,3
594,S,Device_594,1493.6,0
595,L,Device_595,183.27,1
596,L,Device_596,186.65,3
597,L,Device_597,242.02,1
598,L,,100,3
599,L,Device_599,274.11,2
600,L,Device_600,203.79,3
601,L,Device_601,242.0,1
602,L,Device_602,161.99,1
603,L,Device_603,206.72,3
604,L,Device_604,136.05,1
605,L,Device_605,261.37,3
606,L,Device_606,222.75,1
607,L,Device_607,58.42,2
608,L,Device_608,240.87,2
609,L,Device_609,85.83,2
610,L,Device_610,169.53,1
611,L,Device_611,120.69,1
612,L,Device_612,125.91,2
613,L,Device_613,216.32,1
614,L,Device_614,207.99,1
615,L,Device_615,192.83,1
616,L,Device_616,210.92,3
617,L,Device_617,71.37,3
618,L,Device_618,191.46,3
619,L,Device_619,142.0,1
620,L,Device_620,153.66,3
621,L,Device_621,128.02,3
622,L,Device_622,87.63,2
623,L,Device_623,238.44,1
624,L,Device_624,217.89,1
625,L,Device_625,199.97,2
626,L,Device_626,214.52,1
627,L,Device_627,201.59,1
628,L,Device_628,199.78,1
629,L,Device_629,239.34,3
630,L,Device_630,280.85,1
631,L,Device_631,192.42,1
632,L,Device_632,,3
633,L,Device_633,204.8,2
634,L,Device_634,160.47,1
635,L,Device_635,246.73,3
636,L,Device_636,116.23,2
637,L,Device_637,205.86,1
638,L,Device_638,215.69,2
639,L,Device_639,291.49,1
640,L,Device_640,180.47,1
641,L,Device_641,219.21,1
642,L,Device_642,215.71,1
643,L,Device_643,269.73,3
644,L,Device_644,191.37,3
645,L,Device_645,,3
646,L,Device_646,194.74,1
647,L,Device_647,179.1,1
648,L,Device_648,199.46,2
649,L,Device_649,155.42,1
650,L,Device_650,172.03,3
651,L,Device_651,249.42,2
652,L,Device_652,231.12,1
653,L,Device_653,168.4,1
654,L,Device_654,214.48,3
655,L,Device_655,147.52,1
656,L,Device_656,264.49,1
657,L,Device_657,169.66,2
658,L,Device_658,187.85,3
659,L,Device_659,267.73,1
660,S,Device_660,1343.32,0
661,L,Device_661,221.9,2
662,L,Device_662,241.92,2
663,L,Device_663,93.99,1
664,L,Device_664,220.66,1
665,L,Device_665,144.33,1
666,L,Device_666,188.17,3
667,L,Device_667,204.54,1
668,L,Device_668,204.97,1
669,L,Device_669,153.98,3
670,L,Device_670,196.51,1
671,L,Device_671,109.67,1
672,L,Device_672,230.51,3
673,L,Device_673,221.18,1
674,L,Device_674,267.53,3
675,L,Device_675,354.15,1
676,L,Device_676,262.64,1
677,L,Device_677,196.82,3
678,L,Device_678,247.63,1
679,L,Device_679,250.05,3
680,S,Device_680,1188.97,0
681,L,Device_681,288.99,3
682,L,Device_682,243.07,3
683,L,Device_683,261.83,1
684,L,Device_684,284.02,1
685,L,Device_685,291.41,3
686,L,Device_686,209.98,3
687,L,Device_687,187.87,3
688,L,Device_688,274.68,1
689,L,Device_689,239.3,1
690,L,Device_690,264.44,3
691,L,Device_691,239.0,3
692,L,Device_692,105.29,3
693,L,Device_693,186.67,1
694,L,Device_694,224.18,3
695,L,Device_695,160.69,3
696,L,Device_696,199.86,3
697,L,Device_697,219.55,3
698,L,Device_698,180.94,1
699,L,Device_699,155.24,3
700,L,Device_700,150.08,3
701,L,Device_701,142.71,1
702,L,Device_702,174.99,1
703,L,Device_703,190.52,1
704,L,Device_704,253.6,3
705,L,Device_705,270.21,3
706,L,Device_706,192.2,3
707,L,Device_707,156.9,2
708,L,Device_708,151.4,1
709,L,Device_709,235.49,1
710,L,Device_710,283.25,1
711,L,Device_711,253.45,1
712,L,Device_712,152.49,1
713,L,Device_713,173.31,1
714,L,Device_714,145.86,1
715,L,Device_715,180.82,3
716,L,Device_716,297.84,1
717,L,Device_717,268.73,1
718,L,Device_718,175.34,3
719,L,Device_719,164.77,3
720,L,Device_720,132.09,3
721,L,Device_721,239.51,2
722,L,Device_722,237.21,1
723,L,Device_723,229.88,1
724,L,Device_724,201.28,1
725,L,Device_725,94.73,2
726,L,Device_726,183.45,2
727,L,Device_727,219.8,3
728,L,Device_728,238.25,1
729,L,Device_729,284.55,3
730,L,Device_730,244.35,3
731,L,Device_731,225.5,2
732,L,Device_732,253.68,1
733,L,Device_733,150.7,1
734,L,Device_734,226.77,3
735,L,Device_735,190.94,3
736,L,Device_736,67.84,2
737,L,Device_737,239.32,1
738,L,Device_738,263.76,1
739,L,Device_739,166.4,1
740,L,Device_740,149.81,1
741,S,Device_741,998.81,0
742,L,Device_742,129.46,1
743,L,Device_743,232.86,3
744,L,Device_744,259.59,1
745,L,Device_745,182.66,3
746,L,Device_746,190.89,3
747,L,Device_747,208.79,1
748,L,Device_748,100,
749,L,Device_749,224.9,3
750,L,Device_750,168.9,3
751,L,Device_751,258.85,1
752,L,Device_752,201.1,2
753,L,Device_753,243.54,1
754,L,Device_754,313.77,3
755,L,Device_755,187.29,3
756,L,Device_756,158.31,1
757,L,Device_757,221.31,1
758,L,Device_758,228.69,1
759,L,Device_759,161.32,3
760,L,Device_760,327.6,3
761,L,Device_761,226.35,1
762,L,Device_762,201.99,3
763,L,Device_763,183.12,3
764,L,Device_764,133.3,3
765,L,Device_765,173.35,1
766,L,Device_766,191.36,2
767,L,Device_767,194.67,1
768,L,Device_768,165.94,1
769,L,Device_769,301.43,3
770,L,Device_770,204.51,1
771,L,Device_771,255.0,1
772,L,Device_772,203.75,1
773,L,Device_773,282.59,1
774,L,Device_774,279.9,1
775,L,Device_775,127.24,2
776,L,Device_776,202.29,3
777,L,Device_777,266.57,1
778,L,Device_778,164.74,1
779,S,Device_779,1569.19,0
780,L,Device_780,257.14,2
781,L,Device_781,247.43,3
782,L,Device_782,183.71,3
783,L,Device_783,249.59,1
784,S,Device_784,1707.68,0
785,L,Device_785,177.21,1
786,L,Device_786,207.85,2
787,L,Device_787,193.78,1
788,L,Device_788,253.45,2
789,L,Device_789,127.79,3
790,L,Device_790,121.61,1
791,L,Device_791,174.21,1
792,L,Device_792,187.2,3
793,L,Device_793,178.93,1
794,L,Device_794,212.22,1
795,L,Device_795,287.77,1
796,L,Device_796,283.75,2
797,L,Device_797,165.83,1
798,L,Device_798,232.62,2
799,L,Device_799,142.75,1
800,L,Device_800,268.42,1
801,L,Device_801,154.88,3
802,L,Device_802,183.27,2
803,L,Device_803,263.31,1
804,L,Device_804,79.27,2
805,L,Device_805,244.66,1
806,L,Device_806,191.16,3
807,L,Device_807,167.65,1
808,L,Device_808,196.22,1
809,L,Device_809,167.44,3
810,L,Device_810,280.89,3
811,L,Device_811,194.47,1
812,L,Device_812,237.69,1
813,L,Device_813,188.6,1
814,L,Device_814,253.43,1
815,L,Device_815,170.69,1
816,L,Device_816,180.89,1
817,L,Device_817,236.94,1
818,L,Device_818,216.79,1
819,L,Device_819,289.86,1
820,L,Device_820,142.49,1
821,L,Device_821,115.34,1
822,L,Device_822,214.1,1
823,L,Device_823,171.87,1
824,L,Device_824,180.02,2
825,L,Device_825,157.76,1
826,L,Device_826,294.84,1
827,L,Device_827,225.4,3
828,L,Device_828,273.4,3
829,L,Device_829,219.75,2
830,L,Device_830,110.87,1
831,L,Device_831,146.43,1
832,L,Device_832,265.14,1
833,L,Device_833,171.37,3
834,L,Device_834,189.44,1
835,L,Device_835,227.89,3
836,L,Device_836,256.25,1
837,L,Device_837,155.05,1
838,L,Device_838,263.34,2
839,L,Device_839,260.55,1
840,L,Device_840,245.02,1
841,L,Device_841,102.68,1
842,L,Device_842,174.74,1
843,L,Device_843,256.51,1
844,L,Device_844,146.63,1
845,L,Device_845,276.7,1
846,L,Device_846,147.53,3
847,L,Device_847,237.11,3
848,L,Device_848,180.71,1
849,L,Device_849,130.97,1
850,L,Device_850,246.19,1
851,L,Device_851,109.72,1
852,L,Device_852,181.94,3
853,L,Device_853,216.98,1
854,L,Device_854,156.47,1
855,L,Device_855,239.08,3
856,L,Device_856,232.66,1
857,L,Device_857,236.67,3
858,L,Device_858,155.54,2
859,L,Device_859,237.15,1
860,S,Device_860,974.28,0
861,L,Device_861,233.24,1
862,L,Device_862,262.78,3
863,L,Device_863,285.25,1
864,S,Device_864,1435.51,0
865,L,Device_865,127.64,3
866,L,Device_866,216.25,1
867,L,Device_867,124.94,1
868,L,Device_868,141.8,2
869,L,Device_869,205.53,1
870,S,Device_870,1270.13,0
871,L,Device_871,151.34,1
872,L,Device_872,182.21,1
873,L,Device_873,186.4,2
874,L,Device_874,212.56,1
875,L,Device_875,163.8,1
876,L,Device_876,185.32,1
877,L,Device_877,130.7,1
878,L,Device_878,133.81,1
879,L,Device_879,185.53,3
880,L,Device_880,135.99,1
881,L,Device_881,224.5,2
882,L,Device_882,312.25,3
883,L,Device_883,174.5,1
884,L,Device_884,170.0,3
885,L,Device_885,221.4,3
886,L,Device_886,126.53,3
887,L,Device_887,169.09,1
888,L,Device_888,172.22,1
889,L,Device_889,172.97,2
890,L,Device_890,217.25,3
891,L,Device_891,203.58,1
892,L,Device_892,182.5,3
893,L,Device_893,252.4,3
894,L,Device_894,142.21,3
895,L,Device_895,204.78,3
896,L,Device_896,292.37,1
897,S,Device_897,1357.51,0
898,L,Device_898,299.18,3
899,L,Device_899,205.37,3
900,L,Device_900,155.48,2
901,L,Device_901,170.29,1
902,L,Device_902,237.44,1
903,L,Device_903,196.94,2
904,L,Device_904,209.76,2
905,L,Device_905,220.39,3
906,L,Device_906,224.52,1
907,L,Device_907,188.2,1
908,L,Device_908,203.0,3
909,L,Device_909,222.63,3
910,L,Device_910,191.48,1
911,L,Device_911,220.7,3
912,L,Device_912,252.66,3
913,L,Device_913,263.6,2
914,L,Device_914,133.01,1
915,L,Device_915,236.57,3
916,L,Device_916,217.58,3
917,L,Device_917,95.76,3
918,L,Device_918,185.82,3
919,L,Device_919,193.12,1
920,L,Device_920,222.71,3
921,L,Device_921,163.59,2
922,L,Device_922,175.28,1
923,L,Device_923,270.09,1
924,L,Device_924,183.87,1
925,L,Device_925,215.1,1
926,L,Device_926,183.71,2
927,S,Device_927,1291.66,0
928,L,Device_928,252.98,1
929,L,Device_929,295.87,1
930,L,Device_930,272.44,3
931,L,Device_931,178.81,1
932,S,Device_932,1451.05,0
933,L,Device_933,127.65,3
934,L,Device_934,183.86,3
935,L,Device_935,204.36,3
936,L,Device_936,160.88,3
937,L,Device_937,245.18,3
938,L,Device_938,195.7,1
939,L,Device_939,170.28,1
940,L,Device_940,148.48,3
941,S,Device_941,854.81,0
942,L,Device_942,193.73,2
943,L,Device_943,198.96,2
944,L,Device_944,243.92,3
945,L,Device_945,280.45,3
946,L,Device_946,121.61,1
947,L,Device_947,188.72,3
948,L,Device_948,184.41,3
949,L,Device_949,203.66,3
950,L,Device_950,233.57,1
951,L,Device_951,177.23,1
952,L,Device_952,165.0,3
953,L,Device_953,232.15,1
954,L,Device_954,163.58,1
955,L,Device_955,227.23,2
956,L,Device_956,256.41,2
957,L,Device_957,237.7,1
958,L,Device_958,228.24,1
959,L,Device_959,175.61,1
960,L,Device_960,79.79,2
961,L,Device_961,151.5,1
962,S,Device_962,1616.14,0
963,L,Device_963,153.03,2
964,L,Device_964,233.94,2
965,L,Device_965,163.32,1
966,L,Device_966,,3
967,L,Device_967,144.03,3
968,L,Device_968,192.21,3
969,L,Device_969,178.79,1
970,L,Device_970,212.45,1
971,L,Device_971,220.62,3
972,L,Device_972,190.49,1
973,L,Device_973,292.66,2
974,L,Device_974,164.87,1
975,L,Device_975,159.96,2
976,L,Device_976,221.65,1
977,L,Device_977,185.87,3
978,L,Device_978,107.49,2
979,L,Device_979,274.23,3
980,L,Device_980,258.54,1
981,L,Device_981,149.94,3
982,L,Device_982,181.53,3
983,L,Device_983,215.69,1
984,L,Device_984,213.14,1
985,L,Device_985,311.76,1
986,L,Device_986,186.31,2
987,L,Device_987,153.59,1
988,L,Device_988,258.85,3
989,L,Device_989,167.49,2
990,L,Device_990,196.4,1
991,L,Device_991,218.88,1
992,L,Device_992,163.86,1
993,L,Device_993,282.91,3
994,L,Device_994,207.45,1
995,L,Device_995,188.78,3
996,L,Device_996,243.72,1
997,L,Device_997,297.48,3
998,L,Device_998,223.84,1
999,L,,100,3
1000,L,Device_1000,198.99,3
1001,L,Device_1001,178.03,3
1002,L,Device_1002,180.78,3
1003,L,Device_1003,216.29,3
1004,L,Device_1004,246.25,1
1005,L,,100,3
1006,L,Device_1006,192.74,1
1007,L,Device_1007,225.01,1
1008,L,Device_1008,215.1,2
1009,L,Device_1009,195.85,1
1010,L,Device_1010,118.03,3
1011,L,Device_1011,159.05,3
1012,L,Device_1012,172.41,1
1013,L,Device_1013,164.86,3
1014,L,Device_1014,223.24,2
1015,L,Device_1015,145.92,1
1016,L,Device_1016,153.9,3
1017,S,Device_1017,1376.95,0
1018,L,Device_1018,134.6,3
1019,S,Device_1019,1143.83,0
1020,L,Device_1020,161.34,3
1021,L,Device_1021,184.13,1
1022,L,Device_1022,166.98,1
1023,L,Device_1023,95.2,3
1024,L,Device_1024,121.73,3
1025,L,Device_1025,319.59,1
1026,L,Device_1026,243.04,2
1027,L,Device_1027,215.14,3
1028,L,Device_1028,237.3,1
1029,L,Device_1029,131.68,1
1030,L,Device_1030,168.88,3
1031,S,Device_1031,1518.91,0
1032,L,Device_1032,178.3,1
1033,L,Device_1033,138.63,1
1034,L,Device_1034,188.21,1
1035,L,Device_1035,273.53,3
1036,L,Device_1036,104.3,1
1037,L,Device_1037,117.48,3
1038,L,Device_1038,214.11,3
1039,L,Device_1039,127.79,3
1040,L,Device_1040,235.44,3
1041,L,Device_1041,212.46,1
1042,L,Device_1042,152.16,1
1043,L,Device_1043,210.29,3
1044,L,Device_1044,186.98,1
1045,S,Device_1045,1294.53,0
1046,L,Device_1046,170.54,1
1047,L,Device_1047,190.97,1
1048,L,Device_1048,199.47,3
1049,L,Device_1049,185.1,1
1050,L,Device_1050,128.05,2
1051,L,Device_1051,246.93,1
1052,L,Device_1052,162.93,3
1053,L,Device_1053,223.56,1
1054,L,Device_1054,169.73,3
1055,L,Device_1055,205.55,3
1056,L,Device_1056,168.6,1
1057,L,Device_1057,183.65,1
1058,L,Device_1058,230.03,3
1059,L,Device_1059,102.66,2
1060,L,Device_1060,284.29,1
1061,L,Device_1061,75.4,1
1062,L,Device_1062,192.25,2
1063,L,Device_1063,241.11,2
1064,L,Device_1064,226.01,1
1065,L,Device_1065,250.49,1
1066,S,Device_1066,1422.84,0
1067,L,Device_1067,184.71,3
1068,S,Device_1068,1462.16,0
1069,L,Device_1069,229.93,3
1070,L,Device_1070,266.87,1
1071,L,Device_1071,185.7,3
1072,S,Device_1072,1314.72,0
1073,L,Device_1073,195.7,3
1074,L,Device_1074,104.63,3
1075,L,Device_1075,237.29,1
1076,L,Device_1076,271.26,3
1077,L,Device_1077,172.9,1
1078,L,Device_1078,205.96,3
1079,L,Device_1079,242.53,3
1080,L,Device_1080,25.35,3
1081,L,Device_1081,267.67,1
1082,L,Device_1082,280.04,3
1083,L,Device_1083,193.76,3
1084,L,Device_1084,211.67,3
1085,L,Device_1085,174.67,2
1086,L,Device_1086,218.31,3
1087,L,Device_1087,158.06,1
1088,L,Device_1088,208.06,3
1089,L,Device_1089,140.81,1
1090,S,Device_1090,1212.12,0
1091,L,Device_1091,215.74,3
1092,L,Device_1092,210.66,3
1093,L,Device_1093,139.78,3
1094,L,Device_1094,193.61,3
1095,L,Device_1095,236.66,3
1096,L,Device_1096,146.64,2
1097,L,Device_1097,271.42,1
1098,L,Device_1098,112.66,1
1099,L,Device_1099,110.34,2
1100,L,Device_1100,131.01,1
1101,L,Device_1101,232.77,1
1102,L,Device_1102,147.92,1
1103,L,Device_1103,246.67,3
1104,L,Device_1104,146.78,2
1105,L,Device_1105,245.71,1
1106,L,Device_1106,174.46,1
1107,L,Device_1107,149.12,1
1108,L,Device_1108,258.03,1
1109,L,Device_1109,207.48,1
1110,L,Device_1110,285.21,3
1111,L,Device_1111,115.04,3
1112,L,Device_1112,292.14,3
1113,L,Device_1113,224.91,2
1114,S,Device_1114,1468.59,0
1115,L,Device_1115,140.95,3
1116,L,Device_1116,285.38,1
1117,L,Device_1117,202.27,3
1118,L,Device_1118,122.56,2
1119,L,Device_1119,204.34,1
1120,L,Device_1120,210.44,3
1121,L,Device_1121,174.42,1
1122,L,Device_1122,164.45,3
1123,L,Device_1123,193.38,1
1124,L,Device_1124,158.69,3
1125,L,Device_1125,194.04,1
1126,L,Device_1126,174.17,3
1127,L,Device_1127,166.12,3
1128,L,Device_1128,140.98,1
1129,S,Device_1129,1524.7,0
1130,L,Device_1130,220.2,1
1131,L,Device_1131,278.22,1
1132,L,Device_1132,157.98,3
1133,L,Device_1133,249.65,1
1134,L,Device_1134,196.8,3
1135,L,Device_1135,225.32,3
1136,L,Device_1136,151.42,1
1137,L,Device_1137,218.33,2
1138,L,Device_1138,191.72,2
1139,S,Device_1139,1340.87,0
1140,L,Device_1140,131.65,2
1141,L,Device_1141,222.29,1
1142,S,Device_1142,1669.62,0
1143,L,Device_1143,198.84,3
1144,L,Device_1144,198.76,1
1145,L,Device_1145,158.0,3
1146,L,Device_1146,279.13,3
1147,L,Device_1147,219.82,3
1148,L,Device_1148,173.61,2
1149,L,Device_1149,193.9,3
1150,L,Device_1150,199.83,1
1151,L,Device_1151,173.07,1
1152,L,Device_1152,243.62,3
1153,L,Device_1153,262.4,1
1154,L,Device_1154,274.49,3
1155,L,Device_1155,244.73,1
1156,L,Device_1156,187.51,1
1157,S,Device_1157,1328.56,0
1158,L,Device_1158,186.47,2
1159,L,Device_1159,237.72,1
1160,L,Device_1160,285.51,2
1161,L,Device_1161,191.84,3
1162,L,Device_1162,196.6,1
1163,S,Device_1163,1059.81,0
1164,S,Device_1164,1032.64,0
1165,L,Device_1165,165.42,1
1166,L,Device_1166,211.92,1
1167,L,Device_1167,201.12,3
1168,L,Device_1168,174.34,1
1169,L,Device_1169,250.75,1
1170,S,Device_1170,1660.21,0
1171,L,Device_1171,154.56,1
1172,L,Device_1172,279.65,1
1173,L,Device_1173,232.36,3
1174,L,Device_1174,151.26,1
1175,L,Device_1175,136.67,2
1176,L,Device_1176,100,
1177,S,Device_1177,1147.68,0
1178,L,Device_1178,102.38,3
1179,L,Device_1179,100,
1180,L,Device_1180,288.95,2
1181,L,Device_1181,293.49,1
1182,L,Device_1182,250.85,1
1183,L,Device_1183,241.94,3
1184,S,Device_1184,2059.87,0
1185,L,Device_1185,215.59,3
1186,L,Device_1186,167.98,3
1187,L,Device_1187,262.87,1
1188,S,Device_1188,1284.51,0
1189,L,Device_1189,170.0,2
1190,L,Device_1190,205.91,3
1191,L,Device_1191,222.56,3
1192,L,Device_1192,285.41,3
1193,S,Device_1193,1436.18,0
1194,L,Device_1194,249.34,2
1195,L,Device_1195,265.03,2
1196,L,Device_1196,232.82,3
1197,L,Device_1197,159.53,3
1198,L,Device_1198,210.7,1
1199,L,Device_1199,248.67,1
1200,L,Device_1200,232.7,1
1201,L,Device_1201,226.0,3
1202,S,Device_1202,1595.4,0
1203,L,Device_1203,,3
1204,L,Device_1204,237.74,1
1205,L,Device_1205,269.84,1
1206,L,Device_1206,137.5,2
1207,L,Device_1207,164.15,1
1208,L,Device_1208,253.08,1
1209,L,Device_1209,213.7,3
1210,L,Device_1210,163.97,3
1211,L,Device_1211,263.3,1
1212,L,Device_1212,243.92,1
1213,L,Device_1213,194.55,3
1214,L,Device_1214,181.39,2
1215,L,Device_1215,120.15,3
1216,L,Device_1216,223.02,3
1217,L,Device_1217,112.97,3
1218,L,Device_1218,189.42,2
1219,L,Device_1219,245.16,1
1220,L,Device_1220,143.75,1
1221,L,Device_1221,278.59,1
1222,L,Device_1222,151.53,3
1223,L,Device_1223,172.74,1
1224,L,Device_1224,309.39,1
1225,L,Device_1225,193.28,3
1226,S,Device_1226,1389.76,0
1227,L,Device_1227,218.97,3
1228,L,Device_1228,233.89,1
1229,L,Device_1229,210.23,2
1230,L,Device_1230,155.64,1
1231,L,Device_1231,66.94,3
1232,L,Device_1232,220.37,1
1233,L,Device_1233,210.57,2
1234,L,Device_1234,143.51,3
1235,L,Device_1235,316.8,1
1236,L,Device_1236,246.06,1
1237,L,Device_1237,189.68,1
1238,L,Device_1238,249.62,1
1239,L,Device_1239,105.78,3
1240,L,Device_1240,150.57,1
1241,L,Device_1241,281.91,1
1242,L,Device_1242,276.57,1
1243,L,Device_1243,192.81,2
1244,L,Device_1244,160.7,1
1245,L,Device_1245,262.05,1
1246,L,Device_1246,255.86,2
1247,L,Device_1247,192.3,3
1248,L,Device_1248,142.84,2
1249,L,Device_1249,214.24,2
1250,L,Device_1250,265.08,2
1251,L,Device_1251,186.14,3
1252,L,Device_1252,227.73,1
1253,L,Device_1253,180.28,3
1254,L,Device_1254,263.11,2
1255,L,Device_1255,205.59,3
1256,S,Device_1256,1552.24,0
1257,L,Device_1257,197.87,3
1258,L,Device_1258,251.57,3
1259,S,Device_1259,1453.15,0
1260,L,Device_1260,203.07,3
1261,L,Device_1261,190.84,3
1262,L,Device_1262,193.05,1
1263,L,Device_1263,234.72,2
1264,L,Device_1264,237.84,1
1265,L,Device_1265,214.64,3
1266,S,Device_1266,951.58,0
1267,L,Device_1267,316.71,1
1268,L,Device_1268,194.17,1
1269,L,Device_1269,189.48,1
1270,L,Device_1270,200.52,1
1271,L,Device_1271,169.43,3
1272,L,Device_1272,201.91,1
1273,L,Device_1273,191.27,3
1274,L,Device_1274,206.96,2
1275,L,Device_1275,248.7,1
1276,L,Device_1276,221.85,3
1277,L,Device_1277,203.38,1
1278,L,Device_1278,211.23,2
1279,L,Device_1279,202.07,2
1280,L,Device_1280,171.2,1
1281,L,Device_1281,219.48,3
1282,L,Device_1282,199.89,1
1283,L,Device_1283,239.16,2
1284,L,Device_1284,213.17,3
1285,S,Device_1285,1698.09,0
1286,L,Device_1286,247.58,3
1287,L,Device_1287,170.62,1
1288,L,Device_1288,178.84,1
1289,L,Device_1289,259.59,1
1290,S,Device_1290,1455.01,0
1291,L,Device_1291,298.95,3
1292,L,Device_1292,171.71,1
1293,L,Device_1293,225.03,1
1294,L,Device_1294,150.97,1
1295,L,Device_1295,134.44,3
1296,L,Device_1296,191.39,1
1297,S,Device_1297,1562.66,0
1298,L,Device_1298,181.09,1
1299,L,Device_1299,171.69,3
1300,L,Device_1300,39.85,1
1301,L,Device_1301,177.8,2
1302,L,Device_1302,218.15,1
1303,L,Device_1303,253.85,2
1304,S,Device_1304,1261.52,0
1305,S,Device_1305,1572.03,0
1306,L,Device_1306,217.55,1
1307,L,Device_1307,199.73,1
1308,L,Device_1308,209.95,1
1309,L,Device_1309,222.91,1
1310,L,Device_1310,250.9,1
1311,L,Device_1311,291.63,2
1312,L,Device_1312,172.2,1
1313,L,Device_1313,144.97,1
1314,L,Device_1314,179.34,1
1315,L,Device_1315,154.29,1
1316,L,Device_1316,149.79,1
1317,L,Device_1317,233.2,3
1318,L,Device_1318,243.89,3
1319,L,Device_1319,153.14,3
1320,L,,100,3
1321,L,Device_1321,288.1,1
1322,L,Device_1322,144.68,1
1323,L,Device_1323,238.56,1
1324,L,Device_1324,120.9,2
1325,L,Device_1325,296.02,2
1326,L,Device_1326,286.4,1
1327,L,Device_1327,61.28,3
1328,L,Device_1328,237.52,1
1329,L,Device_1329,245.63,1
1330,L,Device_1330,172.97,3
1331,L,Device_1331,171.01,3
1332,L,Device_1332,261.29,1
1333,L,Device_1333,226.12,3
1334,L,Device_1334,226.6,3
1335,L,Device_1335,164.9,1
1336,L,Device_1336,256.01,1
1337,L,Device_1337,135.59,1
1338,L,Device_1338,185.06,1
1339,L,Device_1339,165.65,1
1340,L,Device_1340,156.89,3
1341,L,Device_1341,169.97,1
1342,L,Device_1342,223.06,1
1343,L,Device_1343,189.3,3
1344,L,Device_1344,208.85,3
1345,L,Device_1345,224.75,1
1346,L,Device_1346,193.83,3
1347,L,Device_1347,189.92,3
1348,L,Device_1348,,3
1349,L,Device_1349,220.39,1
1350,L,Device_1350,197.9,1
1351,S,Device_1351,1366.7,0
1352,L,Device_1352,73.42,3
1353,L,Device_1353,212.35,1
1354,L,Device_1354,180.41,1
1355,L,Device_1355,152.94,2
1356,L,Device_1356,137.29,1
1357,L,Device_1357,188.44,1
1358,L,Device_1358,172.62,3
1359,S,Device_1359,1229.36,0
1360,S,Device_1360,1656.16,0
1361,L,Device_1361,218.05,3
1362,L,Device_1362,148.07,3
1363,L,Device_1363,204.96,3
1364,L,Device_1364,287.04,1
1365,L,Device_1365,216.6,1
1366,L,Device_1366,281.03,2
1367,,Device_1367,100,3
1368,L,Device_1368,146.94,1
1369,L,Device_1369,129.75,1
1370,L,Device_1370,163.67,3
1371,L,Device_1371,232.48,1
1372,L,Device_1372,145.25,1
1373,L,Device_1373,192.11,1
1374,L,Device_1374,224.49,3
1375,L,Device_1375,100.03,1
1376,L,Device_1376,244.07,3
1377,L,Device_1377,209.87,1
1378,L,Device_1378,228.43,3
1379,L,Device_1379,177.14,3
1380,L,Device_1380,221.79,3
1381,L,Device_1381,243.19,3
1382,L,Device_1382,227.8,2
1383,L,Device_1383,270.31,1
1384,L,Device_1384,229.23,3
1385,L,Device_1385,230.12,1
1386,L,Device_1386,244.84,1
1387,L,Device_1387,249.88,1
1388,L,Device_1388,272.7,1
1389,L,Device_1389,131.53,1
1390,L,Device_1390,190.45,3
1391,L,Device_1391,177.2,1
1392,L,Device_1392,232.65,2
1393,L,Device_1393,191.65,2
1394,L,Device_1394,194.84,1
1395,L,Device_1395,223.03,2
1396,L,Device_1396,300.15,2
1397,L,Device_1397,245.04,3
1398,L,Device_1398,153.75,1
1399,L,Device_1399,314.96,1
1400,L,Device_1400,207.86,1
1401,L,Device_1401,210.17,2
1402,L,Device_1402,100,
1403,L,Device_1403,231.54,3
1404,L,Device_1404,138.16,1
1405,L,Device_1405,200.49,1
1406,L,Device_1406,286.51,3
1407,L,Device_1407,139.44,1
1408,L,Device_1408,161.97,3
1409,L,Device_1409,135.73,3
1410,L,Device_1410,145.73,1
1411,L,Device_1411,184.04,1
1412,L,Device_1412,146.95,1
1413,L,Device_1413,148.72,3
1414,L,Device_1414,132.06,1
1415,L,Device_1415,150.66,3
1416,L,Device_1416,201.36,2
1417,L,Device_1417,184.93,3
1418,L,Device_1418,64.01,2
1419,L,Device_1419,140.56,1
1420,L,Device_1420,197.85,2
1421,L,Device_1421,158.84,1
1422,L,Device_1422,223.23,1
1423,L,Device_1423,180.23,3
1424,L,Device_1424,249.17,2
1425,L,Device_1425,178.15,1
1426,L,Device_1426,178.19,1
1427,L,Device_1427,258.09,1
1428,L,Device_1428,200.19,3
1429,L,Device_1429,302.68,3
1430,L,Device_1430,271.37,1
1431,L,Device_1431,245.18,1
1432,L,Device_1432,210.79,1
1433,L,Device_1433,287.81,1
1434,L,Device_1434,175.54,1
1435,L,Device_1435,252.18,1
1436,L,Device_1436,192.45,2
1437,L,Device_1437,164.58,3
1438,L,Device_1438,232.58,1
1439,L,Device_1439,173.25,1
1440,L,Device_1440,245.76,1
1441,L,Device_1441,171.8,1
1442,L,Device_1442,233.33,3
1443,L,Device_1443,193.6,1
1444,L,Device_1444,181.84,1
1445,S,Device_1445,1581.4,0
1446,L,Device_1446,190.71,3
1447,L,Device_1447,201.32,3
1448,L,Device_1448,263.06,1
1449,L,Device_1449,146.45,3
1450,L,Device_1450,182.11,1
1451,L,Device_1451,128.27,1
1452,S,Device_1452,1434.87,0
1453,L,Device_1453,174.01,1
1454,L,Device_1454,230.51,1
1455,L,Device_1455,280.99,1
1456,L,Device_1456,224.66,1
1457,L,Device_1457,223.12,1
1458,L,Device_1458,199.14,3
1459,L,Device_1459,198.76,1
1460,L,Device_1460,107.27,3
1461,L,Device_1461,148.57,2
1462,L,Device_1462,257.51,1
1463,L,Device_1463,150.73,3
1464,L,Device_1464,202.74,2
1465,L,Device_1465,134.65,3
1466,L,Device_1466,191.92,1
1467,L,Device_1467,145.76,1
1468,L,Device_1468,203.62,1
1469,L,Device_1469,214.73,3
1470,L,Device_1470,149.36,1
1471,L,Device_1471,227.42,1
1472,L,Device_1472,266.32,3
1473,L,Device_1473,162.07,1
1474,L,Device_1474,126.82,3
1475,L,Device_1475,152.3,1
1476,L,Device_1476,252.18,1
1477,L,Device_1477,129.83,3
1478,L,Device_1478,174.72,2
1479,L,Device_1479,139.52,2
1480,L,Device_1480,184.47,1
1481,L,Device_1481,184.18,1
1482,L,Device_1482,180.99,3
1483,L,Device_1483,265.46,3
1484,L,Device_1484,179.36,1
1485,L,Device_1485,150.77,2
1486,L,Device_1486,167.61,1
1487,S,Device_1487,1518.27,0
1488,L,Device_1488,187.03,1
1489,L,Device_1489,166.5,1
1490,L,Device_1490,210.04,1
1491,L,Device_1491,130.88,3
1492,L,Device_1492,191.0,1
1493,L,Device_1493,178.12,1
1494,L,Device_1494,162.61,2
1495,L,Device_1495,246.65,3
1496,L,Device_1496,132.67,1
1497,L,Device_1497,225.98,3
1498,L,Device_1498,305.52,3
1499,L,Device_1499,240.97,2
1500,L,Device_1500,146.6,1
1501,L,Device_1501,182.67,2
1502,L,Device_1502,170.71,1
1503,L,Device_1503,237.58,1
1504,L,Device_1504,169.07,1
1505,L,Device_1505,163.27,1
1506,L,,100,3
1507,L,Device_1507,234.75,1
1508,L,Device_1508,251.29,3
1509,L,Device_1509,169.53,2
1510,L,Device_1510,201.0,1
1511,L,Device_1511,206.74,3
1512,L,Device_1512,172.43,3
1513,L,Device_1513,222.6,2
1514,S,Device_1514,1542.13,0
1515,L,Device_1515,169.65,1
1516,L,Device_1516,139.28,2
1517,L,Device_1517,245.55,3
1518,L,Device_1518,157.45,2
1519,L,Device_1519,242.84,1
1520,L,Device_1520,184.22,3
1521,L,Device_1521,97.34,3
1522,L,Device_1522,305.12,3
1523,L,Device_1523,100.74,1
1524,L,Device_1524,117.54,1
1525,L,Device_1525,222.63,2
1526,L,Device_1526,138.09,1
1527,L,Device_1527,290.53,3
1528,L,Device_1528,186.71,1
1529,L,Device_1529,128.92,1
1530,L,Device_1530,136.2,2
1531,S,Device_1531,1382.72,0
1532,L,Device_1532,199.35,3
1533,L,Device_1533,201.69,1
1534,L,Device_1534,134.15,1
1535,L,Device_1535,158.6,3
1536,L,Device_1536,239.78,3
1537,L,Device_1537,133.81,1
1538,L,Device_1538,194.52,1
1539,L,Device_1539,267.32,1
1540,L,Device_1540,160.76,1
1541,L,Device_1541,196.3,1
1542,L,Device_1542,170.81,3
1543,L,Device_1543,222.18,1
1544,L,Device_1544,197.31,2
1545,L,Device_1545,197.81,3
1546,L,Device_1546,225.72,3
1547,L,Device_1547,184.9,1
1548,L,Device_1548,166.9,1
1549,L,Device_1549,282.78,1
1550,L,Device_1550,159.23,1
1551,L,Device_1551,178.92,1
1552,L,Device_1552,105.11,1
1553,L,Device_1553,120.49,3
1554,L,Device_1554,119.84,2
1555,L,Device_1555,257.28,1
1556,L,Device_1556,278.49,2
1557,L,Device_1557,261.85,3
1558,L,Device_1558,156.05,3
1559,L,Device_1559,249.32,1
1560,L,Device_1560,303.87,3
1561,L,Device_1561,153.58,1
1562,L,Device_1562,224.43,1
1563,L,Device_1563,256.6,3
1564,S,Device_1564,1328.64,0
1565,L,Device_1565,258.26,1
1566,L,Device_1566,230.53,3
1567,L,Device_1567,238.44,1
1568,S,Device_1568,1298.31,0
1569,L,Device_1569,250.76,2
1570,L,Device_1570,138.54,3
1571,L,Device_1571,133.99,1
1572,L,Device_1572,257.28,3
1573,L,Device_1573,170.07,1
1574,L,Device_1574,202.13,2
1575,L,Device_1575,169.07,3
1576,L,Device_1576,195.74,1
1577,L,Device_1577,232.99,3
1578,L,Device_1578,259.84,3
1579,L,Device_1579,265.42,3
1580,L,Device_1580,158.45,2
1581,L,Device_1581,172.19,3
1582,L,Device_1582,209.34,1
1583,L,Device_1583,156.53,3
1584,L,Device_1584,162.92,1
1585,L,Device_1585,234.37,3
1586,S,Device_1586,1758.09,0
1587,L,Device_1587,202.63,2
1588,S,Device_1588,1691.29,0
1589,L,Device_1589,187.75,1
1590,L,Device_1590,272.92,2
1591,L,Device_1591,327.2,1
1592,S,Device_1592,1501.92,0
1593,S,Device_1593,1296.91,0
1594,L,Device_1594,227.54,1
1595,L,Device_1595,232.81,3
1596,L,Device_1596,226.76,2
1597,L,Device_1597,164.44,1
1598,L,Device_1598,208.6,1
1599,L,Device_1599,175.92,1
1600,L,Device_1600,229.36,3
1601,L,Device_1601,248.04,1
1602,L,Device_1602,214.84,1
1603,L,Device_1603,238.08,1
1604,L,Device_1604,227.95,1
1605,L,Device_1605,155.06,1
1606,L,Device_1606,179.91,3
1607,L,Device_1607,287.37,3
1608,L,Device_1608,192.27,2
1609,L,Device_1609,265.03,1
1610,L,Device_1610,269.65,2
1611,L,Device_1611,236.09,2
1612,L,Device_1612,167.13,1
1613,L,Device_1613,296.83,3
1614,L,Device_1614,232.22,3
1615,S,Device_1615,1718.74,0
1616,L,Device_1616,280.36,3
1617,L,Device_1617,306.6,3
1618,L,Device_1618,129.2,3
1619,L,Device_1619,172.34,1
1620,L,Device_1620,214.02,1
1621,L,Device_1621,303.74,1
1622,L,Device_1622,165.62,2
1623,L,Device_1623,312.16,1
1624,L,Device_1624,203.25,3
1625,L,Device_1625,215.53,1
1626,L,Device_1626,168.53,1
1627,L,Device_1627,177.62,2
1628,L,Device_1628,157.94,1
1629,L,Device_1629,255.6,3
1630,L,Device_1630,227.11,1
1631,L,Device_1631,168.44,2
1632,L,Device_1632,172.98,1
1633,L,Device_1633,283.18,3
1634,L,Device_1634,131.91,1
1635,L,Device_1635,174.66,1
1636,L,Device_1636,225.38,1
1637,L,Device_1637,200.98,2
1638,L,Device_1638,232.52,2
1639,L,Device_1639,115.09,1
1640,L,Device_1640,162.94,1
1641,L,Device_1641,240.0,3
1642,L,Device_1642,110.81,3
1643,L,Device_1643,156.21,1
1644,L,Device_1644,111.98,1
1645,L,Device_1645,181.57,1
1646,L,Device_1646,187.14,1
1647,L,Device_1647,143.82,1
1648,L,Device_1648,218.2,1
1649,L,Device_1649,177.68,1
1650,L,Device_1650,214.6,1
1651,L,Device_1651,210.99,1
1652,L,Device_1652,139.71,3
1653,L,Device_1653,211.16,3
1654,L,Device_1654,289.71,1
1655,L,Device_1655,253.0,3
1656,L,Device_1656,191.01,3
1657,L,Device_1657,255.9,1
1658,L,Device_1658,165.87,1
1659,L,Device_1659,215.36,1
1660,L,Device_1660,166.31,3
1661,L,Device_1661,240.58,1
1662,L,Device_1662,252.32,3
1663,L,Device_1663,100,
1664,L,Device_1664,125.59,1
1665,L,Device_1665,231.19,3
1666,L,Device_1666,106.02,1
1667,L,Device_1667,125.08,1
1668,L,Device_1668,96.16,1
1669,L,Device_1669,159.28,3
1670,L,Device_1670,149.31,2
1671,L,Device_1671,306.83,3
1672,L,Device_1672,,3
1673,L,Device_1673,258.97,3
1674,L,Device_1674,194.59,2
1675,L,Device_1675,210.58,1
1676,L,Device_1676,166.32,3
1677,L,Device_1677,164.06,2
1678,L,Device_1678,215.53,1
1679,,Device_1679,100,3
1680,L,Device_1680,178.25,1
1681,L,Device_1681,262.74,3
1682,L,Device_1682,163.02,1
1683,L,Device_1683,344.91,3
1684,L,Device_1684,161.88,1
1685,L,Device_1685,133.68,1
1686,L,Device_1686,168.58,1
1687,L,Device_1687,241.2,1
1688,L,Device_1688,265.43,1
1689,L,Device_1689,254.85,3
1690,L,Device_1690,174.51,1
1691,L,Device_1691,156.7,3
1692,,Device_1692,100,3
1693,L,Device_1693,155.35,2
1694,L,Device_1694,239.28,1
1695,L,Device_1695,227.02,3
1696,L,Device_1696,173.62,1
1697,L,Device_1697,213.69,3
1698,L,Device_1698,160.0,1
1699,L,Device_1699,222.39,1
1700,L,Device_1700,159.96,1
1701,S,Device_1701,1362.25,0
1702,L,Device_1702,190.4,1
1703,L,Device_1703,270.35,3
1704,L,Device_1704,272.7,1
1705,L,Device_1705,161.81,2
1706,L,Device_1706,191.21,3
1707,,Device_1707,100,3
1708,L,Device_1708,226.8,3
1709,L,Device_1709,213.91,1
1710,L,Device_1710,231.13,3
1711,L,Device_1711,217.31,1
1712,L,Device_1712,123.73,1
1713,L,Device_1713,97.38,1
1714,S,Device_1714,1682.06,0
1715,L,Device_1715,208.26,1
1716,L,Device_1716,153.73,3
1717,L,Device_1717,178.57,2
1718,L,Device_1718,129.07,1
1719,L,Device_1719,230.25,1
1720,L,Device_1720,157.36,1
1721,L,Device_1721,159.32,2
1722,L,Device_1722,301.77,3
1723,L,Device_1723,181.86,3
1724,L,Device_1724,168.49,1
1725,L,Device_1725,129.66,1
1726,L,Device_1726,200.07,3
1727,L,Device_1727,177.66,2
1728,L,Device_1728,169.97,1
1729,L,Device_1729,138.04,1
1730,L,Device_1730,182.41,3
1731,L,Device_1731,203.64,3
1732,L,Device_1732,206.41,2
1733,L,Device_1733,245.76,1
1734,L,Device_1734,220.69,2
1735,L,Device_1735,148.21,1
1736,L,Device_1736,208.94,1
1737,S,Device_1737,1459.85,0
1738,L,Device_1738,219.94,1
1739,L,Device_1739,194.78,1
1740,L,Device_1740,195.56,1
1741,L,Device_1741,237.48,2
1742,L,Device_1742,210.46,2
1743,L,Device_1743,180.86,1
1744,L,Device_1744,225.38,1
1745,L,Device_1745,160.7,1
1746,L,Device_1746,174.61,1
1747,L,Device_1747,122.29,2
1748,L,Device_1748,156.4,1
1749,L,Device_1749,247.03,3
1750,L,Device_1750,218.81,1
1751,L,Device_1751,266.38,3
1752,L,Device_1752,100,
1753,L,Device_1753,219.61,3
1754,S,Device_1754,1264.99,0
1755,L,Device_1755,226.98,2
1756,L,Device_1756,61.87,3
1757,L,Device_1757,174.79,1
1758,L,Device_1758,86.24,3
1759,L,Device_1759,260.16,1
1760,L,Device_1760,191.96,3
1761,L,Device_1761,146.66,1
1762,L,Device_1762,215.88,2
1763,L,Device_1763,258.04,3
1764,L,Device_1764,189.54,1
1765,L,Device_1765,238.19,1
1766,L,Device_1766,256.38,1
1767,L,Device_1767,234.31,3
1768,L,Device_1768,249.74,2
1769,L,Device_1769,178.53,3
1770,L,Device_1770,205.77,2
1771,L,Device_1771,135.41,1
1772,L,Device_1772,145.78,2
1773,L,Device_1773,200.11,3
1774,L,Device_1774,212.56,1
1775,L,Device_1775,212.9,3
1776,L,Device_1776,190.17,3
1777,L,Device_1777,254.77,1
1778,L,Device_1778,211.25,3
1779,L,Device_1779,214.15,1
1780,L,Device_1780,138.97,2
1781,L,Device_1781,102.91,1
1782,L,Device_1782,274.03,2
1783,L,Device_1783,159.16,3
1784,L,Device_1784,171.43,1
1785,S,Device_1785,1212.8,0
1786,L,Device_1786,315.48,1
1787,L,Device_1787,251.7,1
1788,L,Device_1788,233.8,1
1789,L,Device_1789,202.59,1
1790,L,Device_1790,262.02,1
1791,L,Device_1791,251.89,1
1792,L,Device_1792,252.9,1
1793,L,Device_1793,209.87,3
1794,L,Device_1794,132.14,1
1795,L,Device_1795,247.06,1
1796,L,Device_1796,152.33,1
1797,L,Device_1797,121.62,3
1798,L,Device_1798,243.01,1
1799,L,Device_1799,183.26,3
1800,L,Device_1800,207.87,2
1801,L,Device_1801,195.39,3
1802,L,Device_1802,207.6,1
1803,L,Device_1803,119.03,1
1804,,Device_1804,100,3
1805,L,Device_1805,196.92,3
1806,L,Device_1806,242.17,2
1807,L,Device_1807,239.32,3
1808,L,Device_1808,208.27,3
1809,L,Device_1809,166.01,1
1810,L,Device_1810,302.35,1
1811,L,Device_1811,294.0,2
1812,L,Device_1812,191.15,1
1813,L,Device_1813,213.98,1
1814,L,Device_1814,134.81,2
1815,L,Device_1815,169.78,1
1816,L,Device_1816,125.09,3
1817,L,Device_1817,96.92,3
1818,L,Device_1818,121.48,3
1819,L,Device_1819,274.45,1
1820,L,Device_1820,308.49,1
1821,L,Device_1821,254.71,3
1822,L,Device_1822,237.13,3
1823,L,Device_1823,155.4,3
1824,L,Device_1824,221.77,2
1825,L,Device_1825,235.19,1
1826,L,Device_1826,241.03,1
1827,L,Device_1827,188.11,1
1828,L,Device_1828,148.13,1
1829,L,Device_1829,135.35,3
1830,L,Device_1830,214.42,1
1831,L,Device_1831,202.95,3
1832,L,Device_1832,153.75,2
1833,L,Device_1833,196.04,1
1834,L,Device_1834,259.82,3
1835,L,Device_1835,175.31,3
1836,L,Device_1836,236.12,3
1837,L,Device_1837,129.62,1
1838,L,Device_1838,204.55,3
1839,L,Device_1839,172.14,3
1840,L,Device_1840,260.47,1
1841,L,Device_1841,211.96,1
1842,L,Device_1842,135.11,1
1843,L,Device_1843,238.65,1
1844,L,Device_1844,208.81,1
1845,L,Device_1845,265.37,2
1846,S,Device_1846,1411.57,0
1847,L,Device_1847,276.87,1
1848,L,Device_1848,264.91,3
1849,L,Device_1849,247.01,3
1850,L,Device_1850,190.2,3
1851,L,Device_1851,92.09,1
1852,L,Device_1852,181.19,1
1853,L,Device_1853,225.82,1
1854,L,Device_1854,141.32,2
1855,L,Device_1855,184.98,1
1856,L,Device_1856,258.9,1
1857,L,Device_1857,242.59,1
1858,L,Device_1858,229.06,1
1859,L,Device_1859,184.19,3
1860,L,Device_1860,196.81,2
1861,S,Device_1861,1108.33,0
1862,L,Device_1862,181.66,1
1863,L,Device_1863,218.95,3
1864,L,Device_1864,213.48,2
1865,L,Device_1865,171.61,1
1866,L,Device_1866,231.0,1
1867,L,Device_1867,173.49,3
1868,L,Device_1868,171.48,3
1869,L,Device_1869,215.95,3
1870,L,Device_1870,130.93,3
1871,L,Device_1871,254.67,3
1872,L,Device_1872,190.31,2
1873,L,Device_1873,205.42,3
1874,L,Device_1874,159.21,1
1875,L,Device_1875,176.45,1
1876,L,Device_1876,214.2,1
1877,L,Device_1877,187.82,1
1878,L,Device_1878,259.95,3
1879,S,Device_1879,1484.39,0
1880,L,Device_1880,165.35,2
1881,,Device_1881,100,3
1882,L,Device_1882,203.0,1
1883,L,,100,3
1884,S,Device_1884,1365.45,0
1885,L,Device_1885,185.26,1
1886,L,Device_1886,137.59,3
1887,L,Device_1887,204.69,1
1888,L,Device_1888,137.47,3
1889,L,Device_1889,238.19,3
1890,L,Device_1890,290.17,1
1891,L,Device_1891,231.39,2
1892,L,Device_1892,215.96,1
1893,L,Device_1893,175.05,1
1894,L,Device_1894,244.57,1
1895,L,Device_1895,312.14,2
1896,L,Device_1896,185.9,1
1897,L,Device_1897,255.47,3
1898,L,Device_1898,129.42,3
1899,L,Device_1899,159.66,1
1900,L,Device_1900,118.87,1
1901,L,Device_1901,272.6,1
1902,L,Device_1902,186.29,3
1903,L,Device_1903,210.49,3
1904,L,Device_1904,211.05,1
1905,L,Device_1905,220.37,1
1906,L,Device_1906,160.5,3
1907,L,Device_1907,247.5,1
1908,L,Device_1908,252.77,1
1909,L,Device_1909,171.15,1
1910,L,Device_1910,268.42,1
1911,L,Device_1911,196.18,1
1912,L,Device_1912,295.76,3
1913,L,Device_1913,351.3,1
1914,L,Device_1914,257.54,3
1915,L,Device_1915,297.6,1
1916,L,Device_1916,178.34,3
1917,L,Device_1917,252.75,2
1918,L,Device_1918,118.94,2
1919,L,Device_1919,196.45,1
1920,L,Device_1920,263.56,3
1921,L,Device_1921,286.73,1
1922,L,Device_1922,195.9,3
1923,L,Device_1923,179.98,2
1924,,Device_1924,100,3
1925,L,Device_1925,219.4,1
1926,L,Device_1926,215.79,1
1927,L,Device_1927,118.9,3
1928,L,Device_1928,217.44,1
1929,L,Device_1929,262.18,3
1930,L,Device_1930,244.48,1
1931,L,Device_1931,173.61,1
1932,L,Device_1932,187.55,1
1933,S,Device_1933,1392.58,0
1934,L,Device_1934,220.47,3
1935,L,Device_1935,246.34,3
1936,L,Device_1936,289.12,2
1937,S,Device_1937,1235.16,0
1938,L,Device_1938,102.29,2
1939,L,Device_1939,168.42,1
1940,L,Device_1940,134.1,1
1941,L,Device_1941,187.17,2
1942,L,Device_1942,158.33,1
1943,L,Device_1943,191.9,2
1944,L,Device_1944,198.06,1
1945,L,Device_1945,153.94,3
1946,L,Device_1946,214.12,3
1947,L,Device_1947,119.96,1
1948,L,Device_1948,43.04,1
1949,L,Device_1949,267.43,3
1950,L,Device_1950,229.44,1
1951,L,Device_1951,169.73,2
1952,L,Device_1952,179.4,1
1953,L,Device_1953,143.2,1
1954,L,Device_1954,191.86,1
1955,L,Device_1955,201.48,1
1956,L,Device_1956,161.81,1
1957,L,Device_1957,61.23,1
1958,L,Device_1958,229.88,1
1959,L,Device_1959,264.4,1
1960,L,Device_1960,182.93,1
1961,L,Device_1961,252.36,1
1962,L,Device_1962,204.86,2
1963,S,Device_1963,1029.76,0
1964,L,Device_1964,225.28,1
1965,L,Device_1965,187.01,2
1966,L,Device_1966,229.86,2
1967,L,Device_1967,308.08,1
1968,L,Device_1968,152.35,1
1969,L,Device_1969,140.64,3
1970,L,Device_1970,174.5,1
1971,L,Device_1971,189.88,3
1972,L,Device_1972,200.84,3
1973,L,Device_1973,152.66,3
1974,L,Device_1974,209.3,1
1975,L,Device_1975,,3
1976,L,Device_1976,214.65,1
1977,L,Device_1977,195.86,3
1978,L,Device_1978,72.41,1
1979,L,Device_1979,212.11,3
1980,L,Device_1980,166.41,1
1981,L,Device_1981,200.32,1
1982,L,Device_1982,140.26,1
1983,L,Device_1983,182.88,1
1984,L,Device_1984,180.38,3
1985,L,Device_1985,193.1,1
1986,L,Device_1986,257.42,1
1987,L,Device_1987,225.8,1
1988,L,Device_1988,209.35,3
1989,L,Device_1989,280.18,1
1990,L,Device_1990,238.41,3
1991,S,Device_1991,1358.62,0
1992,L,Device_1992,218.05,2
1993,L,Device_1993,186.53,1
1994,L,Device_1994,281.16,3
1995,L,Device_1995,151.76,3
1996,L,Device_1996,163.82,3
1997,L,Device_1997,142.47,1
1998,L,Device_1998,255.38,1
1999,L,Device_1999,157.64,1
2000,L,Device_2000,164.83,1
2001,L,Device_2001,285.25,1
2002,L,Device_2002,208.39,3
2003,S,Device_2003,1172.59,0
2004,L,Device_2004,149.07,1
2005,L,Device_2005,163.94,3
2006,L,Device_2006,240.87,1
2007,L,Device_2007,77.87,3
2008,L,Device_2008,233.41,3
2009,L,Device_2009,146.22,3
2010,L,Device_2010,199.19,3
2011,L,Device_2011,181.36,2
2012,L,Device_2012,216.52,1
2013,S,Device_2013,1843.43,0
2014,L,Device_2014,178.33,3
2015,L,Device_2015,269.15,1
2016,L,Device_2016,204.95,1
2017,L,Device_2017,163.7,1
2018,L,Device_2018,281.96,1
2019,L,Device_2019,217.06,1
2020,L,Device_2020,292.74,3
2021,L,Device_2021,208.48,3
2022,L,Device_2022,190.45,1
2023,L,Device_2023,252.63,1
2024,L,Device_2024,143.22,2
2025,L,Device_2025,149.04,2
2026,L,Device_2026,121.84,3
2027,L,,100,3
2028,L,Device_2028,190.19,3
2029,L,Device_2029,159.44,1
2030,L,Device_2030,118.75,1
2031,L,Device_2031,229.28,1
2032,L,Device_2032,209.39,1
2033,L,Device_2033,226.67,3
2034,L,Device_2034,96.84,1
2035,L,Device_2035,116.04,2
2036,L,Device_2036,232.43,1
2037,L,Device_2037,229.65,1
2038,L,Device_2038,188.38,2
2039,L,Device_2039,268.25,3
2040,L,Device_2040,240.3,3
2041,L,Device_2041,280.22,1
2042,L,Device_2042,245.66,2
2043,L,Device_2043,236.84,1
2044,L,Device_2044,221.0,1
2045,L,Device_2045,212.81,3
2046,L,Device_2046,257.49,3
2047,L,Device_2047,150.9,3
2048,L,Device_2048,164.87,3
2049,S,Device_2049,1650.2,0
2050,L,Device_2050,116.16,1
2051,L,Device_2051,159.76,1
2052,L,Device_2052,223.97,3
2053,L,Device_2053,118.49,1
2054,L,Device_2054,203.58,1
2055,L,Device_2055,185.24,1
2056,L,Device_2056,207.27,3
2057,L,Device_2057,160.96,2
2058,L,Device_2058,152.49,3
2059,L,Device_2059,242.86,1
2060,L,Device_2060,227.5,3
2061,L,Device_2061,203.34,1
2062,L,Device_2062,154.92,3
2063,L,Device_2063,209.89,3
2064,L,Device_2064,193.06,3
2065,L,Device_2065,133.57,3
2066,L,Device_2066,198.07,3
2067,L,Device_2067,233.87,2
2068,L,Device_2068,227.68,1
2069,L,Device_2069,181.46,1
2070,L,Device_2070,157.17,2
2071,L,Device_2071,74.63,2
2072,L,Device_2072,163.17,3
2073,L,Device_2073,188.1,1
2074,L,Device_2074,165.74,1
2075,L,Device_2075,241.56,3
2076,L,Device_2076,219.0,3
2077,L,Device_2077,226.01,1
2078,S,Device_2078,1416.49,0
2079,L,Device_2079,174.88,2
2080,L,Device_2080,269.25,1
2081,L,Device_2081,192.02,3
2082,L,Device_2082,246.22,1
2083,L,Device_2083,270.55,1
2084,L,Device_2084,206.05,3
2085,L,Device_2085,216.28,1
2086,L,Device_2086,325.05,3
2087,L,Device_2087,229.41,1
2088,L,Device_2088,249.22,1
2089,L,Device_2089,131.78,2
2090,L,Device_2090,220.33,1
2091,L,Device_2091,186.37,1
2092,L,Device_2092,177.27,1
2093,L,Device_2093,245.83,1
2094,L,Device_2094,200.65,2
2095,L,Device_2095,99.69,1
2096,L,Device_2096,227.24,3
2097,L,Device_2097,348.45,3
2098,L,Device_2098,252.12,2
2099,L,Device_2099,126.72,3
2100,L,Device_2100,186.02,1
2101,L,Device_2101,100,
2102,L,Device_2102,130.74,1
2103,L,Device_2103,112.94,1
2104,L,Device_2104,253.81,3
2105,L,Device_2105,256.42,3
2106,L,Device_2106,153.83,3
2107,L,Device_2107,241.49,2
2108,L,Device_2108,148.34,1
2109,L,Device_2109,282.36,3
2110,L,Device_2110,238.93,2
2111,L,Device_2111,140.17,1
2112,L,Device_2112,233.95,1
2113,,Device_2113,100,3
2114,L,Device_2114,265.92,1
2115,L,,100,3
2116,L,Device_2116,139.86,1
2117,L,Device_2117,221.3,3
2118,L,Device_2118,213.99,1
2119,L,Device_2119,222.96,1
2120,L,Device_2120,262.2,1
2121,S,Device_2121,1628.53,0
2122,L,Device_2122,156.31,1
2123,L,Device_2123,268.74,1
2124,L,Device_2124,294.06,1
2125,L,Device_2125,131.81,1
2126,L,Device_2126,128.19,3
2127,L,Device_2127,136.4,2
2128,L,Device_2128,147.4,3
2129,L,Device_2129,203.19,3
2130,L,Device_2130,193.48,1
2131,L,Device_2131,167.81,3
2132,L,Device_2132,218.29,1
2133,L,Device_2133,263.09,1
2134,L,Device_2134,180.44,1
2135,L,Device_2135,250.91,1
2136,L,Device_2136,183.67,1
2137,S,Device_2137,1041.98,0
2138,L,Device_2138,147.21,3
2139,L,Device_2139,221.02,1
2140,L,Device_2140,252.83,3
2141,L,Device_2141,193.92,1
2142,L,Device_2142,163.95,1
2143,L,Device_2143,114.16,1
2144,L,Device_2144,314.45,3
2145,L,Device_2145,168.06,2
2146,L,Device_2146,189.04,2
2147,L,Device_2147,193.02,3
2148,L,Device_2148,225.66,1
2149,L,Device_2149,151.13,1
2150,L,Device_2150,250.3,2
2151,L,Device_2151,,3
2152,L,Device_2152,203.04,1
2153,L,Device_2153,150.61,1
2154,L,Device_2154,234.77,1
2155,L,Device_2155,222.05,3
2156,L,Device_2156,165.49,1
2157,S,Device_2157,1259.73,0
2158,L,Device_2158,226.25,2
2159,L,Device_2159,176.37,1
2160,L,Device_2160,212.71,2
2161,L,Device_2161,156.93,1
2162,L,Device_2162,165.34,1
2163,L,Device_2163,122.56,3
2164,L,Device_2164,272.39,1
2165,L,Device_2165,169.85,1
2166,L,Device_2166,165.62,3
2167,L,Device_2167,198.7,3
2168,L,Device_2168,250.95,3
2169,L,Device_2169,218.46,1
2170,S,Device_2170,1539.45,0
2171,L,Device_2171,146.47,3
2172,L,Device_2172,194.65,3
2173,S,Device_2173,1362.96,0
2174,L,Device_2174,113.63,3
2175,L,Device_2175,303.26,1
2176,L,Device_2176,137.76,1
2177,L,Device_2177,281.59,1
2178,L,Device_2178,231.86,1
2179,L,Device_2179,140.63,3
2180,L,Device_2180,169.1,1
2181,L,Device_2181,250.4,3
2182,L,Device_2182,225.69,3
2183,L,Device_2183,176.35,1
2184,L,Device_2184,172.42,3
2185,L,Device_2185,87.48,3
2186,L,Device_2186,231.42,1
2187,L,Device_2187,191.45,3
2188,L,Device_2188,256.41,3
2189,L,Device_2189,190.14,2
2190,L,Device_2190,228.61,1
2191,L,Device_2191,201.9,1
2192,L,Device_2192,162.97,2
2193,L,Device_2193,141.03,3
2194,L,Device_2194,260.59,2
2195,L,Device_2195,175.96,1
2196,L,Device_2196,196.15,2
2197,L,Device_2197,272.52,1
2198,L,Device_2198,82.97,3
2199,L,Device_2199,136.46,1
2200,L,Device_2200,179.97,1
2201,L,Device_2201,250.7,1
2202,L,Device_2202,232.87,1
2203,L,Device_2203,222.18,2
2204,L,Device_2204,250.99,3
2205,L,Device_2205,76.19,3
2206,L,Device_2206,202.0,1
2207,L,Device_2207,163.94,1
2208,L,Device_2208,212.81,3
2209,L,Device_2209,296.49,1
2210,L,Device_2210,157.61,2
2211,L,Device_2211,232.72,3
2212,L,Device_2212,183.69,1
2213,L,Device_2213,272.98,3
2214,L,Device_2214,158.47,1
2215,L,Device_2215,210.81,1
2216,L,Device_2216,285.17,1
2217,L,Device_2217,125.37,3
2218,L,Device_2218,235.63,3
2219,L,Device_2219,218.9,1
2220,S,Device_2220,1168.64,0
2221,L,Device_2221,181.39,3
2222,L,Device_2222,123.07,2
2223,L,Device_2223,224.62,1
2224,L,Device_2224,193.55,2
2225,L,Device_2225,167.09,1
2226,,Device_2226,100,3
2227,L,Device_2227,178.11,1
2228,L,Device_2228,245.29,3
2229,L,Device_2229,220.37,3
2230,L,Device_2230,233.18,1
2231,L,Device_2231,211.41,1
2232,L,Device_2232,284.39,1
2233,L,Device_2233,95.2,1
2234,L,Device_2234,135.56,3
2235,L,Device_2235,179.28,1
2236,L,Device_2236,62.38,1
2237,L,Device_2237,234.75,3
2238,L,Device_2238,205.85,2
2239,L,Device_2239,225.84,2
2240,L,Device_2240,143.28,2
2241,L,Device_2241,212.59,1
2242,L,Device_2242,150.84,3
2243,L,Device_2243,245.45,1
2244,L,Device_2244,171.78,3
2245,L,Device_2245,236.51,3
2246,L,Device_2246,196.25,1
2247,L,Device_2247,160.22,1
2248,L,Device_2248,203.88,3
2249,L,Device_2249,121.61,1
2250,L,Device_2250,206.97,2
2251,L,Device_2251,245.59,1
2252,L,Device_2252,221.6,1
2253,L,Device_2253,169.38,3
2254,L,Device_2254,187.92,1
2255,L,Device_2255,235.14,1
2256,L,Device_2256,227.77,1
2257,L,Device_2257,233.55,1
2258,L,Device_2258,167.47,1
2259,L,Device_2259,198.79,3
2260,L,Device_2260,248.01,3
2261,L,Device_2261,182.8,3
2262,L,Device_2262,260.34,3
2263,L,Device_2263,92.05,3
2264,L,Device_2264,152.41,2
2265,L,Device_2265,183.9,1
2266,L,Device_2266,222.51,2
2267,L,Device_2267,245.22,1
2268,L,Device_2268,213.15,2
2269,L,Device_2269,146.81,3
2270,L,Device_2270,188.22,3
2271,L,Device_2271,106.64,3
2272,L,Device_2272,289.24,1
2273,L,Device_2273,157.88,3
2274,L,Device_2274,100,
2275,L,Device_2275,178.95,2
2276,L,Device_2276,153.84,1
2277,L,Device_2277,154.21,1
2278,L,Device_2278,209.0,1
2279,L,Device_2279,236.16,1
2280,L,Device_2280,101.01,3
2281,L,Device_2281,121.7,1
2282,L,Device_2282,180.18,3
2283,L,Device_2283,201.2,3
2284,L,Device_2284,187.28,1
2285,L,Device_2285,175.65,1
2286,L,Device_2286,182.18,3
2287,L,Device_2287,150.79,3
2288,L,Device_2288,191.52,1
2289,L,Device_2289,184.53,3
2290,L,Device_2290,173.98,1
2291,L,Device_2291,233.51,1
2292,L,Device_2292,207.41,3
2293,L,Device_2293,169.52,3
2294,L,Device_2294,205.87,3
2295,L,Device_2295,223.15,3
2296,L,Device_2296,238.04,2
2297,L,Device_2297,180.65,1
2298,S,Device_2298,1195.68,0
2299,L,Device_2299,200.82,1
2300,L,Device_2300,152.53,3
2301,L,Device_2301,238.65,3
2302,L,Device_2302,170.34,3
2303,L,Device_2303,264.83,3
2304,L,Device_2304,254.05,3
2305,L,Device_2305,197.62,3
2306,L,Device_2306,151.29,1
2307,L,Device_2307,113.66,3
2308,L,Device_2308,92.82,2
2309,L,Device_2309,268.3,1
2310,L,Device_2310,235.69,1
2311,S,Device_2311,1630.34,0
2312,L,Device_2312,201.96,3
2313,L,Device_2313,241.37,3
2314,L,Device_2314,209.5,1
2315,L,Device_2315,213.7,1
2316,L,Device_2316,253.1,1
2317,L,Device_2317,232.14,1
2318,L,Device_2318,275.53,1
2319,L,Device_2319,153.37,3
2320,L,Device_2320,172.35,1
2321,L,Device_2321,184.31,3
2322,L,Device_2322,214.57,1
2323,L,Device_2323,240.48,1
2324,L,Device_2324,159.79,3
2325,L,Device_2325,243.88,1
2326,L,Device_2326,303.86,1
2327,L,Device_2327,245.25,3
2328,L,Device_2328,217.4,2
2329,L,Device_2329,213.09,1
2330,L,Device_2330,245.15,1
2331,L,Device_2331,193.37,2
2332,L,Device_2332,238.29,3
2333,L,Device_2333,175.8,1
2334,L,Device_2334,257.39,2
2335,S,Device_2335,1334.96,0
2336,L,Device_2336,94.65,1
2337,L,Device_2337,211.64,1
2338,L,Device_2338,225.13,2
2339,L,Device_2339,183.27,3
2340,L,Device_2340,172.43,3
2341,S,Device_2341,1504.69,0
2342,L,Device_2342,197.76,3
2343,L,Device_2343,259.3,3
2344,L,Device_2344,200.79,1
2345,L,Device_2345,205.47,3
2346,L,Device_2346,176.08,1
2347,L,Device_2347,209.7,2
2348,L,Device_2348,214.27,2
2349,L,Device_2349,173.78,1
2350,L,Device_2350,266.41,1
2351,L,Device_2351,272.31,3
2352,L,Device_2352,214.66,1
2353,L,Device_2353,335.58,1
2354,L,Device_2354,232.7,1
2355,L,Device_2355,106.51,1
2356,L,Device_2356,255.92,2
2357,,Device_2357,100,3
2358,L,Device_2358,223.37,1
2359,L,Device_2359,156.45,3
2360,L,Device_2360,240.24,1
2361,L,Device_2361,211.92,1
2362,L,Device_2362,204.99,1
2363,L,Device_2363,204.98,3
2364,L,Device_2364,,3
2365,L,Device_2365,260.64,2
2366,L,Device_2366,298.52,3
2367,L,Device_2367,205.55,1
2368,L,Device_2368,190.31,2
2369,L,Device_2369,274.08,3
2370,L,Device_2370,256.49,3
2371,L,Device_2371,193.19,1
2372,L,Device_2372,87.71,1
2373,L,Device_2373,248.09,3
2374,L,Device_2374,182.77,3
2375,L,Device_2375,130.74,1
2376,L,Device_2376,252.54,2
2377,L,Device_2377,126.15,3
2378,L,Device_2378,301.97,2
2379,L,Device_2379,200.67,2
2380,L,Device_2380,189.83,2
2381,L,Device_2381,145.31,3
2382,L,Device_2382,148.81,2
2383,L,Device_2383,281.37,1
2384,L,Device_2384,172.81,1
2385,L,Device_2385,190.55,1
2386,L,Device_2386,238.98,3
2387,S,Device_2387,1618.83,0
2388,L,Device_2388,246.32,3
2389,L,Device_2389,143.52,1
2390,L,Device_2390,264.52,1
2391,L,Device_2391,240.85,2
2392,L,Device_2392,220.99,3
2393,L,Device_2393,137.38,1
2394,L,Device_2394,220.76,1
2395,L,Device_2395,171.52,1
2396,L,Device_2396,211.47,1
2397,L,Device_2397,126.73,2
2398,L,Device_2398,170.14,1
2399,S,Device_2399,1699.24,0
2400,L,Device_2400,141.2,1
2401,L,Device_2401,165.09,3
2402,L,Device_2402,170.2,1
2403,L,Device_2403,158.69,3
2404,L,Device_2404,275.05,1
2405,L,Device_2405,194.3,2
2406,L,Device_2406,132.57,1
2407,L,Device_2407,162.15,1
2408,L,Device_2408,179.75,1
2409,L,Device_2409,247.89,1
2410,L,Device_2410,166.79,2
2411,L,Device_2411,165.93,3
2412,L,Device_2412,213.01,3
2413,L,Device_2413,109.34,1
2414,L,Device_2414,178.54,1
2415,L,Device_2415,194.42,1
2416,L,Device_2416,181.69,1
2417,L,Device_2417,182.68,2
2418,L,Device_2418,252.69,1
2419,L,Device_2419,200.57,3
2420,L,Device_2420,231.81,1
2421,S,Device_2421,1476.41,0
2422,L,Device_2422,164.94,1
2423,L,Device_2423,174.2,3
2424,L,Device_2424,246.23,1
2425,L,Device_2425,199.86,2
2426,L,Device_2426,234.52,3
2427,L,Device_2427,231.75,3
2428,L,Device_2428,182.39,3
2429,L,Device_2429,171.26,3
2430,L,Device_2430,152.55,1
2431,L,Device_2431,152.43,1
2432,L,Device_2432,138.09,1
2433,L,Device_2433,277.55,2
2434,L,Device_2434,124.02,1
2435,L,Device_2435,152.64,2
2436,L,Device_2436,237.89,1
2437,L,Device_2437,179.77,3
2438,L,Device_2438,196.01,1
2439,L,Device_2439,259.99,3
2440,L,Device_2440,271.23,1
2441,L,Device_2441,209.34,1
2442,L,Device_2442,170.54,1
2443,L,Device_2443,208.12,2
2444,L,Device_2444,300.84,3
2445,L,Device_2445,252.56,1
2446,L,Device_2446,134.79,3
2447,L,Device_2447,226.24,3
2448,L,Device_2448,156.66,3
2449,L,Device_2449,181.35,1
2450,L,Device_2450,201.2,2
2451,L,Device_2451,184.41,3
2452,L,Device_2452,166.78,3
2453,L,Device_2453,225.55,3
2454,L,Device_2454,131.6,2
2455,L,Device_2455,151.91,3
2456,L,Device_2456,272.98,1
2457,S,Device_2457,1418.07,0
2458,L,Device_2458,161.63,1
2459,L,Device_2459,224.25,3
2460,L,Device_2460,113.13,3
2461,L,Device_2461,173.27,1
2462,L,Device_2462,192.62,3
2463,L,Device_2463,135.4,1
2464,L,Device_2464,133.4,3
2465,L,Device_2465,202.16,1
2466,L,Device_2466,282.48,1
2467,L,Device_2467,150.08,1
2468,L,Device_2468,198.78,1
2469,L,Device_2469,212.9,3
2470,S,Device_2470,1325.8,0
2471,L,Device_2471,219.44,1
2472,L,Device_2472,359.79,1
2473,L,Device_2473,222.76,3
2474,L,Device_2474,111.49,1
2475,L,Device_2475,155.98,1
2476,L,Device_2476,226.67,1
2477,L,Device_2477,223.88,3
2478,L,Device_2478,179.9,1
2479,L,Device_2479,190.95,1
2480,L,Device_2480,223.03,3
2481,L,Device_2481,131.47,3
2482,,Device_2482,100,3
2483,L,Device_2483,241.45,1
2484,L,Device_2484,161.25,3
2485,S,Device_2485,1750.68,0
2486,L,Device_2486,170.7,2
2487,L,Device_2487,222.06,2
2488,L,Device_2488,145.42,1
2489,L,Device_2489,74.88,1
2490,L,Device_2490,182.32,1
2491,S,Device_2491,1033.31,0
2492,L,Device_2492,102.6,1
2493,L,Device_2493,235.0,3
2494,L,Device_2494,215.88,1
2495,L,Device_2495,263.53,1
2496,L,Device_2496,148.43,1
2497,L,Device_2497,239.77,1
2498,L,Device_2498,157.74,1
2499,L,Device_2499,178.3,1
2500,L,Device_2500,236.8,1
2501,L,Device_2501,150.08,1
2502,L,Device_2502,179.77,2
2503,L,Device_2503,149.63,1
2504,S,Device_2504,1388.05,0
2505,L,Device_2505,183.53,1
2506,L,Device_2506,278.46,1
2507,S,Device_2507,1417.01,0
2508,L,Device_2508,199.58,3
2509,L,Device_2509,226.02,3
2510,L,Device_2510,292.45,1
2511,L,Device_2511,123.47,3
2512,L,Device_2512,77.51,2
2513,L,Device_2513,272.78,2
2514,L,Device_2514,204.87,1
2515,L,Device_2515,191.09,3
2516,L,Device_2516,116.65,1
2517,L,Device_2517,245.8,2
2518,L,Device_2518,189.76,3
2519,L,Device_2519,110.22,2
2520,L,Device_2520,158.82,1
2521,L,Device_2521,215.45,1
2522,L,Device_2522,231.11,3
2523,L,Device_2523,268.87,3
2524,L,Device_2524,223.94,3
2525,L,Device_2525,155.9,1
2526,L,Device_2526,173.4,1
2527,L,Device_2527,241.88,3
2528,L,Device_2528,215.98,1
2529,L,Device_2529,150.91,2
2530,L,Device_2530,226.3,1
2531,L,Device_2531,188.94,2
2532,S,Device_2532,1367.53,0
2533,L,Device_2533,219.35,3
2534,L,Device_2534,192.06,3
2535,L,Device_2535,205.78,3
2536,L,Device_2536,202.92,1
2537,S,Device_2537,1432.15,0
2538,L,Device_2538,192.37,1
2539,L,Device_2539,227.77,1
2540,L,Device_2540,112.39,3
2541,L,Device_2541,240.05,3
2542,L,Device_2542,238.08,1
2543,L,Device_2543,235.26,1
2544,L,Device_2544,165.82,1
2545,L,Device_2545,180.18,1
2546,L,Device_2546,146.0,3
2547,L,Device_2547,204.47,1
2548,L,Device_2548,214.81,1
2549,L,Device_2549,221.15,1
2550,L,Device_2550,221.12,1
2551,S,Device_2551,1318.17,0
2552,L,Device_2552,221.77,1
2553,L,Device_2553,243.75,3
2554,L,Device_2554,250.08,1
2555,L,Device_2555,134.25,1
2556,L,Device_2556,224.6,1
2557,L,Device_2557,229.7,1
2558,L,Device_2558,252.1,1
2559,L,Device_2559,213.76,1
2560,L,Device_2560,192.04,3
2561,L,Device_2561,274.86,1
2562,L,Device_2562,,3
2563,L,Device_2563,211.55,2
2564,L,Device_2564,236.77,1
2565,L,Device_2565,267.69,1
2566,L,Device_2566,215.97,2
2567,L,Device_2567,174.15,1
2568,L,Device_2568,254.14,3
2569,L,Device_2569,216.36,1
2570,L,Device_2570,177.64,1
2571,L,Device_2571,202.43,1
2572,L,Device_2572,180.46,3
2573,L,Device_2573,104.91,2
2574,L,Device_2574,311.3,3
2575,L,Device_2575,194.4,2
2576,L,Device_2576,139.23,1
2577,L,Device_2577,233.9,3
2578,L,Device_2578,240.48,1
2579,L,Device_2579,216.02,1
2580,L,Device_2580,270.27,1
2581,L,Device_2581,284.15,3
2582,L,Device_2582,148.4,1
2583,L,Device_2583,210.05,2
2584,L,Device_2584,289.75,1
2585,L,Device_2585,108.48,3
2586,L,Device_2586,204.41,1
2587,L,Device_2587,253.78,3
2588,L,Device_2588,177.91,1
2589,S,Device_2589,1471.23,0
2590,L,Device_2590,170.49,2
2591,L,Device_2591,165.49,3
2592,L,Device_2592,281.59,3
2593,L,Device_2593,239.15,3
2594,L,Device_2594,204.68,1
2595,L,Device_2595,310.07,1
2596,L,Device_2596,232.15,3
2597,L,Device_2597,265.61,1
2598,L,Device_2598,177.72,1
2599,L,,100,3
2600,L,Device_2600,217.86,1
2601,S,Device_2601,1656.05,0
2602,L,Device_2602,334.64,3
2603,L,Device_2603,201.53,1
2604,L,Device_2604,249.99,2
2605,L,Device_2605,287.67,2
2606,L,Device_2606,178.21,1
2607,L,Device_2607,125.4,1
2608,L,Device_2608,171.06,1
2609,L,Device_2609,172.05,1
2610,L,Device_2610,192.9,1
2611,L,Device_2611,103.29,1
2612,L,Device_2612,258.84,3
2613,L,Device_2613,242.81,1
2614,L,Device_2614,105.74,1
2615,L,Device_2615,187.56,1
2616,L,Device_2616,205.64,3
2617,L,Device_2617,85.04,1
2618,L,Device_2618,225.9,1
2619,L,Device_2619,173.67,1
2620,L,Device_2620,174.6,1
2621,L,Device_2621,181.9,3
2622,L,Device_2622,229.44,1
2623,L,Device_2623,140.68,1
2624,L,Device_2624,171.67,3
2625,L,Device_2625,159.07,2
2626,L,Device_2626,205.97,2
2627,L,Device_2627,156.83,3
2628,L,Device_2628,204.64,1
2629,L,Device_2629,217.01,2
2630,L,Device_2630,176.71,1
2631,L,Device_2631,220.27,3
2632,L,Device_2632,229.4,1
2633,L,Device_2633,243.83,1
2634,L,Device_2634,207.15,1
2635,L,Device_2635,193.47,3
2636,L,Device_2636,141.2,1
2637,L,Device_2637,180.39,1
2638,L,Device_2638,148.76,3
2639,L,Device_2639,310.25,3
2640,L,Device_2640,189.99,3
2641,L,Device_2641,102.13,3
2642,L,Device_2642,182.6,1
2643,L,Device_2643,100,
2644,L,Device_2644,,3
2645,L,Device_2645,235.17,3
2646,L,Device_2646,203.6,3
2647,L,Device_2647,237.54,1
2648,L,Device_2648,156.91,3
2649,L,Device_2649,228.66,3
2650,L,Device_2650,236.8,1
2651,L,Device_2651,196.86,1
2652,L,Device_2652,173.14,1
2653,L,Device_2653,148.14,1
2654,L,Device_2654,238.48,1
2655,L,Device_2655,88.73,1
2656,L,Device_2656,195.23,1
2657,L,Device_2657,259.05,3
2658,L,Device_2658,153.85,1
2659,L,Device_2659,168.5,1
2660,L,Device_2660,306.16,1
2661,L,Device_2661,137.18,3
2662,L,Device_2662,52.36,2
2663,L,Device_2663,176.03,1
2664,L,Device_2664,165.21,1
2665,L,Device_2665,304.91,1
2666,L,Device_2666,160.11,1
2667,L,Device_2667,220.99,1
2668,L,Device_2668,121.53,3
2669,L,Device_2669,179.72,3
2670,L,Device_2670,215.44,3
2671,L,Device_2671,188.68,1
2672,L,Device_2672,208.71,3
2673,L,Device_2673,187.59,2
2674,L,Device_2674,216.14,1
2675,L,Device_2675,191.16,1
2676,L,Device_2676,253.03,1
2677,L,Device_2677,176.27,2
2678,L,Device_2678,219.69,1
2679,L,Device_2679,184.85,2
2680,L,Device_2680,238.1,1
2681,S,Device_2681,1273.46,0
2682,L,Device_2682,219.77,2
2683,L,Device_2683,188.87,1
2684,L,Device_2684,182.96,2
2685,S,Device_2685,1309.14,0
2686,L,Device_2686,173.12,3
2687,L,Device_2687,197.15,1
2688,L,Device_2688,235.68,1
2689,L,Device_2689,224.06,3
2690,L,Device_2690,163.73,1
2691,S,Device_2691,1363.27,0
2692,L,Device_2692,186.12,3
2693,S,Device_2693,1516.89,0
2694,L,Device_2694,217.16,1
2695,L,Device_2695,240.13,3
2696,L,Device_2696,119.57,3
2697,L,Device_2697,285.35,1
2698,L,Device_2698,86.21,3
2699,L,Device_2699,224.37,3
2700,L,Device_2700,128.96,1
2701,L,Device_2701,165.57,3
2702,L,Device_2702,187.4,1
2703,L,Device_2703,165.88,3
2704,L,Device_2704,245.05,1
2705,L,Device_2705,167.49,1
2706,L,Device_2706,180.07,1
2707,L,Device_2707,260.49,2
2708,L,Device_2708,221.23,2
2709,L,Device_2709,280.24,1
2710,L,Device_2710,269.4,1
2711,L,Device_2711,166.67,3
2712,L,Device_2712,215.46,3
2713,L,Device_2713,255.23,1
2714,L,Device_2714,261.31,2
2715,L,Device_2715,205.95,1
2716,L,Device_2716,221.07,3
2717,L,Device_2717,226.05,3
2718,L,Device_2718,238.57,3
2719,L,Device_2719,209.82,3
2720,L,Device_2720,145.48,1
2721,L,Device_2721,262.65,1
2722,L,Device_2722,269.58,2
2723,L,Device_2723,152.62,1
2724,,Device_2724,100,3
2725,L,Device_2725,150.32,1
2726,L,Device_2726,210.28,3
2727,L,Device_2727,269.86,3
2728,L,Device_2728,171.13,1
2729,S,Device_2729,1616.31,0
2730,L,Device_2730,190.42,1
2731,L,Device_2731,288.92,3
2732,L,Device_2732,97.95,1
2733,L,Device_2733,200.8,1
2734,L,Device_2734,209.77,1
2735,L,Device_2735,246.62,2
2736,L,Device_2736,230.71,1
2737,L,Device_2737,118.79,3
2738,L,Device_2738,223.19,1
2739,L,Device_2739,168.28,1
2740,L,Device_2740,176.95,1
2741,L,Device_2741,218.32,1
2742,L,Device_2742,180.38,1
2743,L,Device_2743,118.34,2
2744,L,Device_2744,246.44,3
2745,S,Device_2745,1255.47,0
2746,L,Device_2746,232.63,1
2747,L,Device_2747,139.46,2
2748,L,Device_2748,243.01,3
2749,L,Device_2749,225.1,1
2750,L,Device_2750,197.57,2
2751,L,Device_2751,236.64,2
2752,S,Device_2752,1327.59,0
2753,L,Device_2753,120.03,3
2754,L,Device_2754,141.67,3
2755,L,Device_2755,228.48,1
2756,L,Device_2756,237.96,3
2757,L,Device_2757,153.86,3
2758,L,Device_2758,252.71,3
2759,L,Device_2759,240.97,3
2760,L,Device_2760,197.48,2
2761,L,Device_2761,88.73,2
2762,L,Device_2762,216.35,1
2763,L,Device_2763,156.82,1
2764,L,Device_2764,325.05,3
2765,L,Device_2765,302.8,1
2766,L,Device_2766,204.29,1
2767,L,Device_2767,134.12,3
2768,L,Device_2768,219.44,1
2769,L,Device_2769,240.78,1
2770,S,Device_2770,1404.17,0
2771,L,Device_2771,191.92,3
2772,L,Device_2772,179.93,1
2773,L,Device_2773,170.42,1
2774,L,Device_2774,210.75,1
2775,L,Device_2775,104.13,3
2776,L,Device_2776,255.85,1
2777,L,Device_2777,207.76,3
2778,L,Device_2778,161.91,2
2779,L,Device_2779,166.62,3
2780,L,Device_2780,200.76,1
2781,L,Device_2781,173.99,1
2782,L,Device_2782,201.04,3
2783,L,Device_2783,247.19,1
2784,L,Device_2784,159.42,3
2785,L,Device_2785,166.76,1
2786,L,Device_2786,118.52,1
2787,L,Device_2787,150.43,2
2788,L,Device_2788,184.8,1
2789,L,Device_2789,159.42,1
2790,L,Device_2790,204.81,3
2791,L,Device_2791,234.65,3
2792,L,Device_2792,140.57,3
2793,L,Device_2793,309.65,3
2794,L,Device_2794,179.1,3
2795,L,Device_2795,188.35,1
2796,L,Device_2796,288.1,1
2797,L,Device_2797,199.55,1
2798,L,Device_2798,189.35,3
2799,S,Device_2799,1339.98,0
2800,L,Device_2800,275.05,2
2801,L,Device_2801,262.53,1
2802,S,Device_2802,1260.78,0
2803,L,Device_2803,129.95,3
2804,L,Device_2804,156.66,1
2805,L,Device_2805,156.57,1
2806,L,Device_2806,226.43,2
2807,L,Device_2807,180.05,3
2808,L,Device_2808,183.8,1
2809,L,Device_2809,91.98,1
2810,L,Device_2810,227.36,2
2811,L,Device_2811,194.91,3
2812,L,Device_2812,177.07,2
2813,L,Device_2813,213.7,1
2814,L,Device_2814,116.65,2
2815,L,Device_2815,95.21,3
2816,L,Device_2816,90.22,1
2817,L,Device_2817,200.98,1
2818,L,,100,3
2819,L,Device_2819,203.94,3
2820,L,Device_2820,303.86,1
2821,L,Device_2821,220.54,1
2822,L,Device_2822,141.29,1
2823,L,Device_2823,133.72,1
2824,L,Device_2824,214.81,1
2825,L,Device_2825,144.57,1
2826,L,Device_2826,200.19,1
2827,L,Device_2827,169.91,1
2828,L,Device_2828,149.5,2
2829,L,Device_2829,173.08,1
2830,L,Device_2830,99.19,1
2831,L,Device_2831,151.59,1
2832,L,Device_2832,238.94,1
2833,L,Device_2833,249.02,3
2834,L,Device_2834,126.5,2
2835,L,Device_2835,188.46,3
2836,L,Device_2836,193.55,1
2837,S,Device_2837,1364.15,0
2838,L,Device_2838,268.61,1
2839,L,Device_2839,282.11,1
2840,L,Device_2840,159.0,1
2841,L,Device_2841,217.53,3
2842,L,Device_2842,232.05,1
2843,L,Device_2843,159.21,1
2844,L,Device_2844,207.74,1
2845,L,Device_2845,,3
2846,L,Device_2846,250.34,3
2847,L,Device_2847,244.2,1
2848,L,Device_2848,127.44,3
2849,L,Device_2849,162.84,2
2850,L,Device_2850,91.73,3
2851,L,Device_2851,236.67,3
2852,L,Device_2852,47.85,1
2853,L,Device_2853,151.52,2
2854,L,Device_2854,73.26,3
2855,L,Device_2855,190.31,1
2856,L,Device_2856,226.51,1
2857,L,Device_2857,191.89,3
2858,L,Device_2858,276.14,3
2859,L,Device_2859,291.44,3
2860,L,Device_2860,78.81,1
2861,L,Device_2861,231.3,1
2862,S,Device_2862,1754.65,0
2863,L,Device_2863,260.46,2
2864,L,Device_2864,100,
2865,L,Device_2865,225.17,3
2866,L,Device_2866,189.98,3
2867,L,Device_2867,164.78,1
2868,L,Device_2868,221.61,1
2869,L,Device_2869,148.76,1
2870,L,Device_2870,140.98,2
2871,L,Device_2871,162.33,3
2872,L,Device_2872,129.26,3
2873,L,Device_2873,157.67,3
2874,L,Device_2874,156.37,1
2875,S,Device_2875,1262.32,0
2876,S,Device_2876,1531.46,0
2877,L,Device_2877,203.45,2
2878,L,Device_2878,201.78,1
2879,L,Device_2879,175.85,3
2880,L,Device_2880,100,
2881,L,Device_2881,217.91,1
2882,L,Device_2882,203.61,1
2883,L,Device_2883,131.64,1
2884,L,Device_2884,164.94,1
2885,L,Device_2885,158.03,3
2886,L,Device_2886,231.4,1
2887,L,Device_2887,127.18,3
2888,L,Device_2888,152.0,1
2889,L,Device_2889,128.0,1
2890,L,Device_2890,101.96,3
2891,L,Device_2891,270.85,1
2892,L,Device_2892,185.34,3
2893,L,Device_2893,276.55,1
2894,L,Device_2894,101.68,2
2895,L,Device_2895,120.99,3
2896,L,Device_2896,179.17,2
2897,L,Device_2897,203.38,1
2898,L,Device_2898,192.67,2
2899,L,Device_2899,247.11,3
2900,L,Device_2900,162.92,1
2901,L,Device_2901,180.68,1
2902,L,Device_2902,122.01,1
2903,L,Device_2903,232.15,3
2904,L,Device_2904,189.87,1
2905,L,Device_2905,175.82,1
2906,L,Device_2906,196.84,1
2907,L,Device_2907,183.5,3
2908,L,Device_2908,234.74,1
2909,L,Device_2909,173.13,1
2910,L,Device_2910,187.27,1
2911,L,Device_2911,208.1,2
2912,L,Device_2912,139.61,3
2913,L,Device_2913,163.66,3
2914,L,Device_2914,200.03,1
2915,L,Device_2915,205.8,1
2916,L,Device_2916,230.47,1
2917,L,Device_2917,173.01,1
2918,L,Device_2918,267.84,1
2919,L,Device_2919,181.63,1
2920,L,Device_2920,190.65,2
2921,L,Device_2921,215.36,1
2922,L,Device_2922,206.24,1
2923,L,Device_2923,258.17,3
2924,L,Device_2924,292.99,3
2925,L,Device_2925,189.79,2
2926,L,Device_2926,205.0,1
2927,L,Device_2927,183.32,2
2928,S,Device_2928,1388.75,0
2929,L,Device_2929,233.62,3
2930,L,Device_2930,208.89,1
2931,L,Device_2931,281.64,3
2932,L,Device_2932,117.43,3
2933,L,Device_2933,228.85,3
2934,L,Device_2934,198.93,1
2935,L,Device_2935,182.11,1
2936,L,Device_2936,135.94,1
2937,L,Device_2937,275.93,3
2938,L,Device_2938,207.23,1
2939,L,Device_2939,157.68,3
2940,L,Device_2940,258.33,1
2941,L,Device_2941,211.61,2
2942,L,Device_2942,133.16,1
2943,L,Device_2943,197.45,3
2944,L,Device_2944,145.08,3
2945,L,Device_2945,170.34,1
2946,L,Device_2946,146.54,3
2947,L,Device_2947,205.14,1
2948,L,Device_2948,251.8,1
2949,L,Device_2949,283.0,3
2950,L,Device_2950,258.54,1
2951,L,Device_2951,107.7,1
2952,L,Device_2952,247.74,1
2953,L,Device_2953,284.97,1
2954,L,Device_2954,148.17,2
2955,L,Device_2955,216.02,1
2956,L,Device_2956,227.08,2
2957,L,Device_2957,226.11,1
2958,L,Device_2958,211.25,1
2959,L,Device_2959,176.64,1
2960,L,Device_2960,219.24,2
2961,S,Device_2961,1477.77,0
2962,L,Device_2962,209.04,3
2963,L,Device_2963,192.86,1
2964,L,Device_2964,192.55,3
2965,L,Device_2965,179.45,2
2966,L,Device_2966,279.53,2
2967,L,Device_2967,215.9,1
2968,L,Device_2968,243.32,1
2969,L,Device_2969,182.23,3
2970,L,Device_2970,181.7,1
2971,L,Device_2971,242.87,3
2972,L,Device_2972,177.14,1
2973,L,Device_2973,239.91,1
2974,L,Device_2974,217.68,3
2975,L,Device_2975,181.01,1
2976,L,Device_2976,175.28,1
2977,L,Device_2977,191.49,1
2978,L,Device_2978,148.04,1
2979,L,Device_2979,218.49,2
2980,L,Device_2980,296.59,2
2981,L,Device_2981,257.98,1
2982,L,Device_2982,104.4,1
2983,L,Device_2983,216.73,2
2984,L,Device_2984,194.35,3
2985,L,Device_2985,252.78,1
2986,L,Device_2986,258.31,3
2987,L,Device_2987,198.8,1
2988,L,Device_2988,176.27,1
2989,L,Device_2989,251.62,2
2990,L,Device_2990,182.49,3
2991,L,Device_2991,96.6,1
2992,L,Device_2992,115.79,1
2993,L,Device_2993,144.54,1
2994,L,Device_2994,286.93,3
2995,L,Device_2995,225.12,1
2996,L,Device_2996,193.74,3
2997,L,Device_2997,197.12,1
2998,L,Device_2998,148.8,3
2999,L,Device_2999,178.56,2
3000,L,Device_3000,146.6,1
3001,L,Device_3001,163.56,1
3002,L,Device_3002,322.2,1
3003,L,Device_3003,244.84,1
3004,L,Device_3004,183.27,3
3005,L,Device_3005,327.81,3
3006,L,Device_3006,231.72,1
3007,L,Device_3007,192.56,1
3008,L,Device_3008,150.64,1
3009,L,Device_3009,288.87,1
3010,L,Device_3010,228.58,2
3011,L,Device_3011,194.16,3
3012,L,Device_3012,181.12,1
3013,L,Device_3013,283.69,1
3014,L,Device_3014,211.78,1
3015,S,Device_3015,1223.01,0
3016,L,Device_3016,253.04,1
3017,L,Device_3017,223.18,3
3018,L,Device_3018,200.42,1
3019,L,Device_3019,166.38,1
3020,L,Device_3020,117.03,1
3021,L,Device_3021,181.07,1
3022,L,Device_3022,160.12,1
3023,L,Device_3023,269.06,1
3024,L,Device_3024,149.23,2
3025,L,Device_3025,211.63,3
3026,L,Device_3026,234.89,3
3027,L,Device_3027,131.8,3
3028,L,Device_3028,238.18,3
3029,L,Device_3029,214.45,1
3030,L,Device_3030,191.34,2
3031,L,Device_3031,88.3,2
3032,L,Device_3032,214.74,1
3033,L,Device_3033,187.48,2
3034,L,Device_3034,240.13,2
3035,L,Device_3035,191.63,1
3036,L,Device_3036,267.78,1
3037,L,Device_3037,219.96,1
3038,L,Device_3038,90.76,1
3039,S,Device_3039,1244.02,0
3040,L,Device_3040,200.92,3
3041,L,Device_3041,135.04,1
3042,S,Device_3042,1163.39,0
3043,L,Device_3043,189.67,3
3044,L,Device_3044,291.67,1
3045,L,Device_3045,191.53,3
3046,L,Device_3046,186.21,1
3047,L,Device_3047,169.67,1
3048,L,Device_3048,191.97,3
3049,L,Device_3049,139.45,3
3050,L,Device_3050,220.54,1
3051,L,Device_3051,289.27,3
3052,L,Device_3052,142.18,3
3053,,Device_3053,100,3
3054,L,Device_3054,197.65,3
3055,L,Device_3055,193.15,3
3056,L,Device_3056,251.04,1
3057,L,Device_3057,150.15,2
3058,L,Device_3058,201.69,1
3059,L,Device_3059,235.68,3
3060,S,Device_3060,1618.26,0
3061,L,Device_3061,216.31,1
3062,S,Device_3062,1407.11,0
3063,L,Device_3063,124.93,3
3064,L,Device_3064,127.08,1
3065,L,Device_3065,252.57,3
3066,S,Device_3066,1816.65,0
3067,L,Device_3067,276.28,1
3068,L,Device_3068,266.23,1
3069,L,Device_3069,212.57,3
3070,L,,100,3
3071,L,Device_3071,,3
3072,L,Device_3072,239.68,3
3073,L,Device_3073,264.17,2
3074,L,Device_3074,138.2,1
3075,L,Device_3075,161.47,3
3076,L,Device_3076,199.77,3
3077,L,Device_3077,205.58,1
3078,L,Device_3078,184.76,1
3079,L,Device_3079,125.41,1
3080,L,Device_3080,231.02,1
3081,L,Device_3081,254.86,2
3082,L,Device_3082,256.11,1
3083,L,Device_3083,199.32,1
3084,L,Device_3084,187.44,3
3085,L,Device_3085,151.86,3
3086,L,Device_3086,297.79,1
3087,L,Device_3087,65.85,1
3088,L,Device_3088,237.3,3
3089,L,Device_3089,164.74,1
3090,L,Device_3090,184.47,1
3091,L,Device_3091,228.11,1
3092,L,Device_3092,217.72,3
3093,S,Device_3093,1376.43,0
3094,L,Device_3094,138.67,3
3095,L,Device_3095,290.92,1
3096,L,Device_3096,193.89,2
3097,L,Device_3097,128.43,3
3098,L,Device_3098,139.82,1
3099,L,Device_3099,120.71,3
3100,L,,100,3
3101,L,Device_3101,157.84,3
3102,L,Device_3102,209.22,2
3103,L,Device_3103,179.23,3
3104,L,Device_3104,229.94,3
3105,L,Device_3105,163.63,3
3106,L,Device_3106,130.75,1
3107,L,Device_3107,193.23,3
3108,L,Device_3108,230.13,1
3109,L,Device_3109,211.43,1
3110,S,Device_3110,1135.6,0
3111,L,Device_3111,270.37,1
3112,L,Device_3112,235.34,3
3113,L,Device_3113,207.31,3
3114,L,Device_3114,192.42,3
3115,L,Device_3115,173.46,3
3116,L,Device_3116,120.32,1
3117,L,Device_3117,359.22,1
3118,L,Device_3118,214.27,1
3119,S,Device_3119,1399.35,0
3120,L,Device_3120,225.13,1
3121,L,Device_3121,236.87,1
3122,L,Device_3122,301.06,1
3123,L,Device_3123,275.56,1
3124,L,Device_3124,267.94,2
3125,L,Device_3125,218.63,1
3126,L,Device_3126,251.27,1
3127,L,Device_3127,166.25,1
3128,L,Device_3128,312.95,3
3129,L,Device_3129,264.08,1
3130,L,Device_3130,238.18,1
3131,L,Device_3131,213.53,3
3132,L,Device_3132,115.29,2
3133,L,Device_3133,154.49,1
3134,L,Device_3134,188.95,1
3135,L,Device_3135,175.38,2
3136,L,Device_3136,181.96,1
3137,L,Device_3137,161.18,1
3138,L,Device_3138,261.23,3
3139,L,Device_3139,256.57,3
3140,L,Device_3140,194.66,3
3141,L,Device_3141,273.45,1
3142,L,Device_3142,273.24,3
3143,L,Device_3143,222.02,2
3144,L,Device_3144,194.21,2
3145,L,Device_3145,150.74,1
3146,L,Device_3146,223.84,1
3147,L,Device_3147,176.74,3
3148,L,Device_3148,196.81,3
3149,L,Device_3149,259.49,1
3150,L,Device_3150,232.26,3
3151,L,Device_3151,183.16,1
3152,S,Device_3152,1484.46,0
3153,L,Device_3153,154.55,1
3154,L,Device_3154,230.96,1
3155,L,Device_3155,217.97,1
3156,L,Device_3156,190.81,3
3157,L,Device_3157,156.09,1
3158,L,Device_3158,237.71,1
3159,S,Device_3159,1576.33,0
3160,L,Device_3160,254.85,1
3161,L,Device_3161,140.71,1
3162,L,Device_3162,234.25,1
3163,L,Device_3163,205.75,1
3164,L,Device_3164,216.39,2
3165,L,Device_3165,190.9,3
3166,L,Device_3166,351.59,1
3167,L,Device_3167,174.07,1
3168,L,Device_3168,205.73,3
3169,L,Device_3169,183.81,3
3170,L,Device_3170,225.72,3
3171,L,Device_3171,177.37,1
3172,L,Device_3172,238.68,3
3173,L,Device_3173,252.95,2
3174,L,Device_3174,216.32,1
3175,L,Device_3175,154.62,3
3176,L,Device_3176,180.49,2
3177,S,Device_3177,1577.62,0
3178,L,Device_3178,186.16,1
3179,L,Device_3179,231.61,1
3180,L,,100,3
3181,L,Device_3181,202.36,1
3182,L,Device_3182,153.05,1
3183,L,Device_3183,158.87,1
3184,L,Device_3184,226.65,2
3185,L,Device_3185,251.87,3
3186,L,Device_3186,207.4,2
3187,L,Device_3187,179.9,3
3188,L,Device_3188,197.85,3
3189,L,Device_3189,274.38,3
3190,L,Device_3190,140.89,3
3191,L,Device_3191,228.17,3
3192,L,,100,3
3193,L,Device_3193,190.06,1
3194,L,Device_3194,240.67,2
3195,L,Device_3195,190.07,1
3196,L,Device_3196,233.91,2
3197,L,Device_3197,151.82,1
3198,L,Device_3198,201.68,1
3199,L,Device_3199,239.17,3
3200,L,Device_3200,222.67,3
3201,,Device_3201,100,3
3202,S,Device_3202,1473.36,0
3203,L,Device_3203,196.17,1
3204,L,Device_3204,162.47,1
3205,S,Device_3205,1848.15,0
3206,L,Device_3206,211.27,3
3207,L,Device_3207,138.45,3
3208,L,Device_3208,231.77,3
3209,L,Device_3209,238.66,1
3210,L,Device_3210,149.82,1
3211,L,Device_3211,166.91,3
3212,L,Device_3212,141.69,1
3213,L,Device_3213,181.36,3
3214,L,Device_3214,119.11,3
3215,L,Device_3215,208.43,2
3216,L,Device_3216,181.88,3
3217,,Device_3217,100,3
3218,L,Device_3218,242.3,3
3219,L,Device_3219,241.9,2
3220,S,Device_3220,691.01,0
3221,L,Device_3221,192.56,3
3222,L,Device_3222,119.32,3
3223,L,Device_3223,211.4,3
3224,L,Device_3224,152.77,3
3225,L,Device_3225,142.66,2
3226,L,Device_3226,129.52,2
3227,L,Device_3227,196.08,2
3228,L,Device_3228,204.27,1
3229,L,Device_3229,233.02,2
3230,L,Device_3230,196.73,3
3231,L,Device_3231,173.91,3
3232,L,Device_3232,258.78,3
3233,L,Device_3233,301.07,3
3234,L,Device_3234,222.33,3
3235,L,Device_3235,290.69,3
3236,L,Device_3236,273.38,1
3237,L,Device_3237,207.26,1
3238,L,Device_3238,245.31,1
3239,L,Device_3239,82.51,1
3240,L,Device_3240,213.38,1
3241,L,Device_3241,176.8,3
3242,L,Device_3242,213.34,1
3243,L,Device_3243,304.44,2
3244,L,Device_3244,214.91,3
3245,L,Device_3245,253.01,1
3246,L,Device_3246,214.72,3
3247,L,Device_3247,184.03,2
3248,L,Device_3248,173.7,1
3249,L,Device_3249,215.6,3
3250,L,Device_3250,228.11,3
3251,L,Device_3251,179.53,1
3252,L,Device_3252,156.25,3
3253,L,Device_3253,223.18,3
3254,L,Device_3254,182.81,3
3255,L,Device_3255,192.78,1
3256,L,Device_3256,230.28,1
3257,L,Device_3257,127.13,1
3258,L,Device_3258,134.01,1
3259,L,Device_3259,215.93,2
3260,L,Device_3260,221.8,1
3261,L,Device_3261,274.46,1
3262,L,Device_3262,137.38,1
3263,L,Device_3263,186.28,1
3264,L,Device_3264,179.51,1
3265,S,Device_3265,1690.41,0
3266,L,Device_3266,161.85,1
3267,L,Device_3267,149.85,1
3268,L,Device_3268,314.54,3
3269,L,Device_3269,254.81,1
3270,L,Device_3270,232.44,1
3271,L,Device_3271,158.82,1
3272,L,Device_3272,205.65,3
3273,L,Device_3273,249.25,1
3274,L,Device_3274,140.96,3
3275,L,Device_3275,201.06,3
3276,L,Device_3276,222.44,3
3277,L,Device_3277,143.77,2
3278,L,Device_3278,155.66,3
3279,L,Device_3279,156.85,1
3280,L,Device_3280,184.34,1
3281,L,Device_3281,167.39,3
3282,L,Device_3282,260.94,3
3283,L,Device_3283,216.35,3
3284,S,Device_3284,1178.29,0
3285,,Device_3285,100,3
3286,L,Device_3286,225.48,2
3287,L,Device_3287,154.2,1
3288,L,Device_3288,236.93,1
3289,S,Device_3289,1714.11,0
3290,L,Device_3290,172.26,1
3291,L,Device_3291,197.44,1
3292,L,Device_3292,232.65,3
3293,L,Device_3293,200.58,1
3294,L,Device_3294,140.46,1
3295,L,Device_3295,159.31,3
3296,L,Device_3296,236.69,2
3297,L,Device_3297,212.76,3
3298,S,Device_3298,1332.44,0
3299,L,Device_3299,204.21,2
3300,L,Device_3300,218.0,3
3301,L,Device_3301,299.95,1
3302,L,Device_3302,222.13,2
3303,L,Device_3303,244.59,3
3304,L,Device_3304,158.31,1
3305,L,Device_3305,253.47,3
3306,L,Device_3306,193.74,3
3307,L,Device_3307,208.94,3
3308,L,Device_3308,211.31,2
3309,L,Device_3309,186.82,3
3310,L,Device_3310,136.95,3
3311,L,Device_3311,253.67,3
3312,L,Device_3312,109.54,3
3313,L,Device_3313,197.17,3
3314,L,Device_3314,193.1,2
3315,L,Device_3315,59.22,1
3316,L,Device_3316,228.33,1
3317,L,Device_3317,170.88,3
3318,L,Device_3318,175.36,1
3319,L,Device_3319,229.36,1
3320,L,Device_3320,194.64,2
3321,L,Device_3321,259.93,1
3322,L,Device_3322,236.81,3
3323,L,Device_3323,305.14,3
3324,L,Device_3324,160.78,1
3325,L,Device_3325,87.89,1
3326,L,Device_3326,206.57,1
3327,L,Device_3327,203.73,1
3328,L,Device_3328,115.52,3
3329,L,Device_3329,230.49,1
3330,L,Device_3330,116.27,1
3331,L,Device_3331,129.72,2
3332,L,Device_3332,179.44,1
3333,L,Device_3333,196.05,2
3334,L,Device_3334,114.61,3
3335,L,Device_3335,131.72,1
3336,L,Device_3336,159.4,3
3337,L,Device_3337,242.17,2
3338,L,Device_3338,182.05,1
3339,L,Device_3339,222.34,1
3340,L,Device_3340,172.74,1
3341,L,Device_3341,204.11,1
3342,L,Device_3342,218.87,1
3343,L,Device_3343,148.82,3
3344,L,Device_3344,276.16,1
3345,L,Device_3345,288.13,1
3346,L,Device_3346,127.52,1
3347,L,Device_3347,257.3,3
3348,L,Device_3348,269.74,1
3349,L,Device_3349,243.6,3
3350,L,Device_3350,187.12,1
3351,L,Device_3351,126.48,2
3352,L,Device_3352,290.44,3
3353,L,Device_3353,103.1,1
3354,L,Device_3354,274.5,3
3355,L,Device_3355,183.25,1
3356,L,Device_3356,174.23,1
3357,L,Device_3357,225.08,3
3358,L,Device_3358,219.25,1
3359,L,Device_3359,118.43,2
3360,L,Device_3360,251.14,1
3361,L,Device_3361,224.92,1
3362,L,Device_3362,222.36,1
3363,L,Device_3363,172.12,1
3364,L,Device_3364,248.2,1
3365,L,Device_3365,87.74,1
3366,L,Device_3366,251.73,1
3367,L,Device_3367,269.53,1
3368,L,Device_3368,189.96,3
3369,L,Device_3369,264.03,3
3370,L,Device_3370,215.19,1
3371,L,Device_3371,212.46,1
3372,L,Device_3372,227.3,1
3373,L,Device_3373,234.66,3
3374,L,Device_3374,219.52,2
3375,S,Device_3375,1640.82,0
3376,L,Device_3376,237.24,1
3377,L,Device_3377,138.52,3
3378,L,Device_3378,68.94,1
3379,L,Device_3379,248.66,3
3380,L,Device_3380,156.55,1
3381,L,Device_3381,291.94,1
3382,L,Device_3382,171.24,1
3383,L,Device_3383,99.58,3
3384,L,Device_3384,225.35,1
3385,L,Device_3385,174.09,3
3386,L,Device_3386,153.5,1
3387,L,Device_3387,166.39,3
3388,L,Device_3388,273.58,3
3389,L,Device_3389,329.87,2
3390,L,Device_3390,138.91,3
3391,L,Device_3391,191.13,1
3392,L,Device_3392,203.82,1
3393,L,Device_3393,208.03,1
3394,,Device_3394,100,3
3395,L,Device_3395,162.02,3
3396,L,Device_3396,134.33,1
3397,L,Device_3397,221.28,3
3398,L,Device_3398,196.48,3
3399,L,Device_3399,254.82,2
3400,L,Device_3400,246.78,3
3401,L,Device_3401,122.65,3
3402,L,Device_3402,107.77,1
3403,L,Device_3403,160.7,3
3404,L,Device_3404,193.18,1
3405,L,Device_3405,241.76,1
3406,L,Device_3406,197.26,2
3407,L,Device_3407,171.67,3
3408,L,Device_3408,211.76,1
3409,S,Device_3409,1484.18,0
3410,L,Device_3410,212.98,3
3411,L,Device_3411,254.18,3
3412,L,Device_3412,164.88,2
3413,L,Device_3413,210.41,3
3414,L,Device_3414,200.57,3
3415,L,Device_3415,199.0,3
3416,L,Device_3416,228.16,3
3417,L,Device_3417,270.86,1
3418,L,,100,3
3419,L,Device_3419,199.37,1
3420,L,Device_3420,240.4,3
3421,L,Device_3421,127.3,1
3422,L,Device_3422,276.43,1
3423,L,Device_3423,202.05,3
3424,L,Device_3424,178.92,1
3425,L,Device_3425,180.88,3
3426,L,Device_3426,241.38,1
3427,L,Device_3427,190.97,1
3428,L,Device_3428,150.27,1
3429,S,Device_3429,1354.32,0
3430,L,Device_3430,152.54,3
3431,L,Device_3431,202.34,3
3432,L,Device_3432,212.65,1
3433,L,Device_3433,196.81,1
3434,L,Device_3434,200.83,3
3435,L,Device_3435,208.19,1
3436,L,Device_3436,302.26,2
3437,L,Device_3437,223.57,3
3438,L,Device_3438,,3
3439,L,Device_3439,161.61,1
3440,L,Device_3440,192.22,1
3441,L,Device_3441,116.34,1
3442,L,Device_3442,251.7,3
3443,L,Device_3443,211.96,3
3444,L,Device_3444,204.31,1
3445,L,Device_3445,121.38,3
3446,L,Device_3446,228.19,3
3447,L,Device_3447,137.83,3
3448,L,Device_3448,171.3,1
3449,L,Device_3449,138.0,3
3450,L,Device_3450,166.37,1
3451,L,Device_3451,197.15,1
3452,L,Device_3452,279.42,3
3453,L,Device_3453,121.78,1
3454,L,Device_3454,209.61,1
3455,L,Device_3455,237.35,1
3456,L,Device_3456,85.91,1
3457,L,Device_3457,109.97,1
3458,L,Device_3458,177.58,1
3459,S,Device_3459,1294.52,0
3460,L,Device_3460,220.12,1
3461,L,Device_3461,249.56,3
3462,L,Device_3462,147.2,3
3463,S,Device_3463,1324.04,0
3464,L,Device_3464,184.45,1
3465,S,Device_3465,1190.67,0
3466,L,Device_3466,178.3,2
3467,L,Device_3467,223.92,1
3468,L,Device_3468,190.1,1
3469,L,Device_3469,281.74,1
3470,L,Device_3470,227.59,3
3471,L,Device_3471,243.21,1
3472,L,Device_3472,174.37,2
3473,S,Device_3473,1325.51,0
3474,L,Device_3474,245.41,1
3475,L,Device_3475,161.76,3
3476,L,Device_3476,188.6,1
3477,L,Device_3477,117.31,1
3478,L,Device_3478,287.84,1
3479,L,Device_3479,199.58,1
3480,L,Device_3480,156.62,1
3481,L,Device_3481,233.61,1
3482,L,Device_3482,166.58,1
3483,L,Device_3483,202.41,3
3484,L,Device_3484,182.5,3
3485,L,Device_3485,172.85,3
3486,L,Device_3486,206.27,1
3487,L,Device_3487,226.4,3
3488,L,Device_3488,259.11,2
3489,L,Device_3489,154.61,1
3490,L,Device_3490,162.21,3
3491,L,Device_3491,196.15,1
3492,S,Device_3492,1296.65,0
3493,L,Device_3493,267.17,3
3494,L,Device_3494,211.85,3
3495,L,Device_3495,211.05,1
3496,L,Device_3496,235.34,1
3497,L,Device_3497,100,
3498,L,Device_3498,185.95,1
3499,L,Device_3499,116.6,1
3500,L,Device_3500,249.71,3
3501,L,Device_3501,173.91,3
3502,L,Device_3502,247.75,1
3503,S,Device_3503,1551.35,0
3504,L,Device_3504,197.51,1
3505,L,Device_3505,257.67,3
3506,L,Device_3506,194.96,3
3507,L,Device_3507,228.54,1
3508,L,Device_3508,166.37,1
3509,L,Device_3509,243.61,1
3510,L,Device_3510,100,
3511,S,Device_3511,1326.93,0
3512,L,Device_3512,194.71,1
3513,L,Device_3513,123.59,3
3514,L,Device_3514,206.59,3
3515,L,Device_3515,255.94,1
3516,L,Device_3516,154.75,3
3517,L,Device_3517,242.66,1
3518,L,Device_3518,200.86,1
3519,L,Device_3519,216.91,3
3520,L,Device_3520,,3
3521,L,Device_3521,114.51,1
3522,L,Device_3522,208.52,3
3523,L,Device_3523,143.08,3
3524,S,Device_3524,1605.56,0
3525,L,Device_3525,100,
3526,L,Device_3526,215.48,3
3527,L,Device_3527,287.43,3
3528,L,Device_3528,184.2,1
3529,L,Device_3529,159.89,1
3530,L,Device_3530,189.69,1
3531,S,Device_3531,1528.65,0
3532,L,Device_3532,245.32,3
3533,L,Device_3533,196.02,2
3534,L,Device_3534,214.14,1
3535,L,Device_3535,155.06,1
3536,L,Device_3536,252.43,3
3537,L,Device_3537,234.74,3
3538,L,Device_3538,200.82,1
3539,L,Device_3539,240.6,2
3540,L,Device_3540,279.56,1
3541,L,Device_3541,160.1,3
3542,L,Device_3542,256.17,1
3543,S,Device_3543,1473.83,0
3544,L,Device_3544,197.62,1
3545,L,Device_3545,237.33,2
3546,L,Device_3546,210.46,1
3547,L,Device_3547,143.47,1
3548,L,Device_3548,239.28,2
3549,L,Device_3549,216.85,3
3550,L,Device_3550,171.68,1
3551,L,Device_3551,100.82,3
3552,L,Device_3552,199.41,1
3553,L,Device_3553,255.52,1
3554,L,Device_3554,234.0,1
3555,L,Device_3555,343.39,1
3556,S,Device_3556,839.94,0
3557,L,Device_3557,146.87,3
3558,S,Device_3558,1823.25,0
3559,L,Device_3559,264.82,2
3560,L,Device_3560,182.63,3
3561,L,Device_3561,235.37,3
3562,L,Device_3562,160.68,3
3563,L,Device_3563,297.33,2
3564,L,Device_3564,152.78,3
3565,L,Device_3565,140.69,1
3566,S,Device_3566,1711.03,0
3567,S,Device_3567,1523.35,0
3568,L,Device_3568,108.51,1
3569,L,Device_3569,184.48,2
3570,L,Device_3570,225.84,1
3571,L,Device_3571,257.33,3
3572,L,Device_3572,149.5,3
3573,L,Device_3573,178.57,1
3574,L,Device_3574,278.36,1
3575,L,Device_3575,215.19,1
3576,L,Device_3576,247.4,1
3577,L,Device_3577,153.07,3
3578,L,Device_3578,163.92,1
3579,L,Device_3579,151.23,1
3580,L,Device_3580,156.31,1
3581,L,Device_3581,209.36,1
3582,L,Device_3582,268.37,1
3583,L,Device_3583,270.23,1
3584,L,Device_3584,224.79,1
3585,L,Device_3585,228.79,3
3586,L,Device_3586,209.18,3
3587,L,Device_3587,300.76,1
3588,L,Device_3588,155.4,1
3589,L,Device_3589,140.89,1
3590,L,Device_3590,173.01,1
3591,L,Device_3591,237.38,3
3592,L,Device_3592,258.7,1
3593,L,Device_3593,211.99,1
3594,L,Device_3594,151.59,3
3595,L,Device_3595,181.85,1
3596,L,Device_3596,,3
3597,L,Device_3597,183.62,1
3598,L,Device_3598,168.98,1
3599,L,Device_3599,180.73,3
3600,L,Device_3600,221.31,1
3601,L,Device_3601,164.06,1
3602,S,Device_3602,1549.28,0
3603,S,Device_3603,1356.86,0
3604,L,Device_3604,150.69,1
3605,L,Device_3605,248.23,3
3606,L,Device_3606,209.2,3
3607,L,Device_3607,193.91,1
3608,L,Device_3608,225.24,1
3609,L,Device_3609,217.31,3
3610,L,Device_3610,148.67,1
3611,L,Device_3611,235.79,3
3612,L,Device_3612,222.14,1
3613,L,Device_3613,309.85,1
3614,L,Device_3614,149.64,3
3615,L,Device_3615,226.72,1
3616,L,Device_3616,208.83,1
3617,L,Device_3617,164.62,2
3618,L,Device_3618,192.02,3
3619,S,Device_3619,1384.79,0
3620,L,Device_3620,156.05,1
3621,L,Device_3621,170.94,1
3622,L,Device_3622,122.84,1
3623,S,Device_3623,1495.33,0
3624,L,Device_3624,178.87,1
3625,L,Device_3625,151.07,3
3626,L,Device_3626,160.66,1
3627,L,Device_3627,217.93,3
3628,L,Device_3628,174.09,3
3629,L,Device_3629,181.26,1
3630,L,Device_3630,210.8,2
3631,L,Device_3631,101.4,1
3632,L,Device_3632,199.14,3
3633,L,Device_3633,130.73,1
3634,S,Device_3634,1519.98,0
3635,L,Device_3635,279.59,3
3636,L,Device_3636,235.33,3
3637,L,Device_3637,179.46,1
3638,L,Device_3638,167.88,2
3639,L,Device_3639,161.01,1
3640,L,Device_3640,189.83,1
3641,L,Device_3641,202.4,1
3642,L,Device_3642,272.27,2
3643,S,Device_3643,1392.26,0
3644,L,Device_3644,247.31,1
3645,L,Device_3645,142.89,1
3646,L,Device_3646,195.46,3
3647,L,Device_3647,100.15,1
3648,L,Device_3648,239.95,2
3649,L,Device_3649,197.51,1
3650,L,Device_3650,176.54,2
3651,L,Device_3651,244.04,3
3652,L,Device_3652,101.34,1
3653,L,Device_3653,243.32,3
3654,L,Device_3654,135.39,3
3655,L,Device_3655,252.98,2
3656,L,Device_3656,258.36,3
3657,L,Device_3657,225.36,3
3658,L,Device_3658,191.46,3
3659,L,Device_3659,207.58,1
3660,L,Device_3660,169.39,1
3661,L,Device_3661,217.46,1
3662,L,Device_3662,291.3,1
3663,S,Device_3663,1586.9,0
3664,L,Device_3664,139.08,3
3665,S,Device_3665,1267.07,0
3666,L,Device_3666,211.37,1
3667,L,Device_3667,93.6,1
3668,L,Device_3668,353.61,3
3669,L,Device_3669,213.14,3
3670,L,Device_3670,199.17,2
3671,L,Device_3671,200.5,2
3672,L,Device_3672,310.35,3
3673,L,Device_3673,239.69,3
3674,L,Device_3674,238.42,1
3675,L,Device_3675,288.83,1
3676,S,Device_3676,1485.49,0
3677,L,Device_3677,239.34,3
3678,L,Device_3678,167.62,3
3679,L,Device_3679,237.0,1
3680,L,Device_3680,217.87,1
3681,L,Device_3681,224.03,2
3682,L,Device_3682,267.56,2
3683,,Device_3683,100,3
3684,L,Device_3684,148.93,1
3685,L,Device_3685,265.17,3
3686,L,Device_3686,228.55,1
3687,L,Device_3687,201.31,3
3688,L,Device_3688,143.7,1
3689,L,Device_3689,210.45,1
3690,L,Device_3690,226.49,1
3691,L,Device_3691,191.81,1
3692,L,Device_3692,134.52,3
3693,L,Device_3693,227.24,1
3694,L,Device_3694,265.82,3
3695,L,Device_3695,214.27,3
3696,L,Device_3696,227.57,2
3697,L,Device_3697,165.54,3
3698,L,Device_3698,166.82,3
3699,L,Device_3699,182.9,1
3700,L,Device_3700,190.94,3
3701,L,Device_3701,140.67,1
3702,L,Device_3702,153.3,3
3703,L,Device_3703,209.98,3
3704,,Device_3704,100,3
3705,L,Device_3705,138.19,3
3706,L,Device_3706,145.52,1
3707,L,Device_3707,270.67,3
3708,L,Device_3708,245.6,3
3709,L,Device_3709,175.34,3
3710,L,Device_3710,223.72,1
3711,L,Device_3711,246.57,1
3712,L,Device_3712,218.95,1
3713,L,Device_3713,134.48,1
3714,L,Device_3714,229.47,2
3715,L,Device_3715,78.68,1
3716,L,Device_3716,227.32,3
3717,L,Device_3717,295.19,1
3718,L,Device_3718,134.96,3
3719,L,Device_3719,172.29,3
3720,L,Device_3720,248.28,3
3721,L,Device_3721,173.71,1
3722,L,Device_3722,178.03,3
3723,L,Device_3723,262.16,1
3724,L,Device_3724,99.4,1
3725,L,Device_3725,243.67,1
3726,L,Device_3726,195.17,3
3727,L,Device_3727,151.74,3
3728,L,Device_3728,272.77,1
3729,L,Device_3729,275.78,1
3730,S,Device_3730,1615.42,0
3731,L,Device_3731,194.92,1
3732,L,Device_3732,156.95,1
3733,L,Device_3733,240.71,2
3734,L,Device_3734,215.73,1
3735,L,Device_3735,192.35,3
3736,L,Device_3736,171.91,3
3737,L,Device_3737,261.38,3
3738,L,Device_3738,272.76,3
3739,L,Device_3739,147.48,2
3740,L,Device_3740,246.15,2
3741,L,Device_3741,137.32,2
3742,L,Device_3742,357.12,1
3743,L,Device_3743,122.36,3
3744,S,Device_3744,1595.17,0
3745,L,Device_3745,299.06,3
3746,L,Device_3746,171.87,1
3747,L,Device_3747,193.67,3
3748,L,Device_3748,297.23,1
3749,L,Device_3749,230.53,1
3750,L,Device_3750,145.8,3
3751,L,Device_3751,128.83,1
3752,L,Device_3752,225.06,3
3753,L,Device_3753,206.98,1
3754,L,Device_3754,162.21,1
3755,L,Device_3755,262.58,1
3756,L,Device_3756,148.25,3
3757,L,Device_3757,109.2,3
3758,L,Device_3758,222.41,1
3759,L,Device_3759,211.34,1
3760,L,Device_3760,112.81,1
3761,L,Device_3761,143.24,3
3762,L,Device_3762,186.53,1
3763,L,Device_3763,171.11,3
3764,L,Device_3764,166.56,1
3765,L,Device_3765,129.41,3
3766,L,Device_3766,193.97,1
3767,L,Device_3767,204.07,1
3768,L,Device_3768,171.53,3
3769,L,Device_3769,193.96,1
3770,L,Device_3770,258.19,1
3771,L,Device_3771,231.96,1
3772,L,Device_3772,190.52,1
3773,L,Device_3773,221.7,1
3774,L,Device_3774,183.49,3
3775,L,Device_3775,217.65,2
3776,L,Device_3776,236.95,1
3777,L,Device_3777,207.84,3
3778,L,Device_3778,309.36,1
3779,L,Device_3779,187.28,1
3780,L,Device_3780,184.29,3
3781,L,Device_3781,100,
3782,L,Device_3782,238.87,3
3783,L,Device_3783,135.39,3
3784,L,Device_3784,261.14,3
3785,L,Device_3785,60.41,1
3786,L,Device_3786,123.79,3
3787,L,Device_3787,270.48,1
3788,L,Device_3788,216.18,2
3789,L,Device_3789,108.74,1
3790,L,Device_3790,223.78,3
3791,L,Device_3791,220.95,1
3792,L,Device_3792,188.81,2
3793,L,Device_3793,178.93,2
3794,L,Device_3794,257.88,2
3795,L,Device_3795,208.78,3
3796,L,Device_3796,195.3,3
3797,L,Device_3797,153.53,3
3798,L,Device_3798,219.04,3
3799,L,Device_3799,286.43,1
3800,L,Device_3800,231.79,1
3801,L,Device_3801,229.74,1
3802,L,Device_3802,130.8,1
3803,L,Device_3803,269.19,1
3804,L,Device_3804,214.53,1
3805,L,Device_3805,179.19,1
3806,L,Device_3806,180.26,3
3807,L,Device_3807,169.45,1
3808,S,Device_3808,1344.13,0
3809,L,Device_3809,253.47,1
3810,L,Device_3810,197.07,3
3811,L,Device_3811,74.7,1
3812,L,Device_3812,132.76,1
3813,L,Device_3813,213.94,2
3814,L,Device_3814,139.17,3
3815,L,Device_3815,216.08,2
3816,,Device_3816,100,3
3817,L,Device_3817,178.83,1
3818,L,Device_3818,232.57,3
3819,L,Device_3819,249.61,1
3820,L,Device_3820,224.03,1
3821,L,Device_3821,192.2,1
3822,L,Device_3822,297.6,1
3823,L,Device_3823,273.55,1
3824,L,Device_3824,283.96,3
3825,L,Device_3825,226.57,1
3826,L,Device_3826,202.72,2
3827,L,Device_3827,224.73,3
3828,L,Device_3828,202.85,3
3829,L,Device_3829,224.25,1
3830,L,Device_3830,193.67,3
3831,L,Device_3831,270.7,3
3832,L,Device_3832,214.19,1
3833,L,Device_3833,192.09,1
3834,L,Device_3834,176.09,3
3835,S,Device_3835,1421.99,0
3836,L,Device_3836,211.19,1
3837,L,Device_3837,111.44,1
3838,L,Device_3838,267.66,1
3839,L,Device_3839,150.09,1
3840,L,Device_3840,81.62,3
3841,L,Device_3841,186.4,1
3842,L,Device_3842,221.06,2
3843,L,Device_3843,155.84,1
3844,L,Device_3844,234.65,1
3845,L,Device_3845,174.19,2
3846,L,Device_3846,245.92,3
3847,L,Device_3847,221.71,3
3848,L,Device_3848,269.0,3
3849,L,Device_3849,149.97,2
3850,L,Device_3850,188.9,2
3851,L,Device_3851,223.26,3
3852,L,Device_3852,246.12,1
3853,L,Device_3853,216.66,3
3854,L,Device_3854,169.38,2
3855,L,Device_3855,188.35,3
3856,L,Device_3856,145.79,1
3857,S,Device_3857,1031.86,0
3858,L,Device_3858,161.15,3
3859,L,Device_3859,175.68,1
3860,L,Device_3860,172.21,3
3861,L,Device_3861,238.9,2
3862,S,Device_3862,1304.95,0
3863,L,Device_3863,222.86,3
3864,L,Device_3864,204.08,3
3865,L,Device_3865,284.87,2
3866,L,Device_3866,144.08,3
3867,L,Device_3867,223.43,1
3868,L,Device_3868,188.09,1
3869,L,Device_3869,211.64,1
3870,L,Device_3870,291.33,1
3871,L,Device_3871,168.23,1
3872,L,Device_3872,212.17,1
3873,L,Device_3873,121.11,1
3874,L,Device_3874,233.38,1
3875,L,Device_3875,165.28,1
3876,L,Device_3876,169.77,1
3877,L,Device_3877,168.69,3
3878,L,Device_3878,211.66,1
3879,L,Device_3879,208.23,3
3880,L,Device_3880,187.27,3
3881,L,Device_3881,129.34,3
3882,L,Device_3882,192.74,1
3883,L,Device_3883,208.99,2
3884,S,Device_3884,1184.15,0
3885,L,Device_3885,212.37,2
3886,L,Device_3886,134.34,1
3887,L,Device_3887,254.96,3
3888,L,Device_3888,248.92,1
3889,L,Device_3889,179.73,1
3890,L,Device_3890,181.8,3
3891,L,Device_3891,267.03,1
3892,L,Device_3892,207.96,1
3893,L,Device_3893,141.48,3
3894,L,Device_3894,267.05,1
3895,L,Device_3895,145.01,1
3896,L,Device_3896,203.79,3
3897,L,Device_3897,216.39,3
3898,L,Device_3898,217.24,1
3899,L,Device_3899,205.08,3
3900,L,Device_3900,272.38,3
3901,L,Device_3901,396.25,1
3902,L,Device_3902,94.77,1
3903,L,Device_3903,195.25,2
3904,L,Device_3904,139.8,1
3905,L,Device_3905,205.65,1
3906,L,Device_3906,180.53,3
3907,L,Device_3907,216.63,2
3908,L,Device_3908,287.37,1
3909,L,Device_3909,203.17,2
3910,L,Device_3910,200.18,2
3911,L,Device_3911,169.83,1
3912,L,Device_3912,199.02,1
3913,L,Device_3913,254.79,1
3914,L,Device_3914,332.46,1
3915,L,Device_3915,237.05,1
3916,L,Device_3916,283.44,2
3917,L,Device_3917,152.7,1
3918,L,Device_3918,175.45,3
3919,L,Device_3919,191.09,1
3920,L,Device_3920,220.79,1
3921,L,Device_3921,249.21,1
3922,L,Device_3922,208.62,1
3923,L,Device_3923,184.57,1
3924,L,Device_3924,196.38,1
3925,L,Device_3925,169.67,3
3926,L,Device_3926,226.28,2
3927,L,Device_3927,223.93,1
3928,L,Device_3928,192.11,1
3929,L,Device_3929,258.04,1
3930,L,Device_3930,209.26,1
3931,L,Device_3931,273.95,1
3932,L,Device_3932,219.46,3
3933,L,Device_3933,129.26,3
3934,L,Device_3934,196.5,1
3935,S,Device_3935,1488.94,0
3936,L,Device_3936,193.09,1
3937,L,Device_3937,181.46,3
3938,,Device_3938,100,3
3939,L,Device_3939,140.16,1
3940,L,Device_3940,221.26,3
3941,L,Device_3941,211.75,1
3942,L,Device_3942,120.7,2
3943,L,Device_3943,81.66,3
3944,L,Device_3944,201.78,1
3945,L,Device_3945,153.57,3
3946,L,Device_3946,178.18,3
3947,L,Device_3947,220.59,3
3948,L,Device_3948,171.91,3
3949,L,Device_3949,329.21,3
3950,L,Device_3950,182.05,1
3951,L,Device_3951,162.35,2
3952,L,Device_3952,162.36,1
3953,L,Device_3953,204.21,3
3954,L,Device_3954,207.97,3
3955,L,Device_3955,164.4,3
3956,L,Device_3956,114.82,3
3957,L,Device_3957,112.78,1
3958,L,Device_3958,210.33,1
3959,L,Device_3959,258.65,3
3960,L,Device_3960,240.73,2
3961,L,Device_3961,162.42,3
3962,L,Device_3962,202.0,1
3963,L,Device_3963,242.39,1
3964,L,Device_3964,171.95,1
3965,L,Device_3965,252.78,3
3966,L,Device_3966,175.28,3
3967,L,Device_3967,186.98,3
3968,L,Device_3968,140.28,1
3969,L,Device_3969,249.26,3
3970,L,Device_3970,121.12,3
3971,L,Device_3971,203.67,1
3972,L,Device_3972,196.1,2
3973,L,Device_3973,209.9,1
3974,L,Device_3974,284.54,2
3975,L,Device_3975,180.36,3
3976,L,Device_3976,158.81,1
3977,L,Device_3977,174.93,3
3978,L,Device_3978,240.67,1
3979,L,Device_3979,208.43,1
3980,L,Device_3980,228.72,1
3981,L,Device_3981,201.81,1
3982,L,Device_3982,169.37,3
3983,L,Device_3983,238.53,3
3984,L,Device_3984,193.3,2
3985,L,Device_3985,97.73,1
3986,L,Device_3986,190.51,2
3987,L,Device_3987,216.68,2
3988,L,Device_3988,259.14,1
3989,S,Device_3989,1478.01,0
3990,L,Device_3990,222.6,3
3991,L,Device_3991,196.32,1
3992,L,Device_3992,257.82,1
3993,L,Device_3993,266.28,2
3994,L,Device_3994,288.33,1
3995,L,Device_3995,320.31,2
3996,L,Device_3996,198.24,1
3997,L,Device_3997,172.18,1
3998,L,Device_3998,143.82,1
3999,L,Device_3999,170.39,1
4000,S,Device_4000,1372.8,0
4001,L,Device_4001,138.71,3
4002,S,Device_4002,1533.61,0
4003,L,Device_4003,294.7,3
4004,L,Device_4004,241.26,1
4005,L,Device_4005,249.95,2
4006,L,Device_4006,124.36,3
4007,L,Device_4007,188.67,1
4008,L,Device_4008,169.57,3
4009,L,Device_4009,219.34,2
4010,L,Device_4010,240.47,3
4011,L,Device_4011,52.83,2
4012,L,Device_4012,83.87,1
4013,L,Device_4013,164.17,2
4014,L,Device_4014,143.64,3
4015,L,Device_4015,127.12,2
4016,L,Device_4016,157.0,3
4017,L,Device_4017,171.13,1
4018,L,Device_4018,189.6,1
4019,S,Device_4019,1762.73,0
4020,L,Device_4020,182.38,3
4021,L,Device_4021,180.16,1
4022,L,Device_4022,211.49,3
4023,L,Device_4023,208.07,3
4024,L,Device_4024,219.38,1
4025,L,Device_4025,216.84,1
4026,L,Device_4026,154.01,2
4027,L,Device_4027,68.43,3
4028,L,Device_4028,203.59,1
4029,L,Device_4029,301.97,1
4030,L,Device_4030,179.37,1
4031,L,Device_4031,186.66,3
4032,L,Device_4032,238.97,3
4033,L,Device_4033,225.77,1
4034,L,Device_4034,267.1,3
4035,L,Device_4035,118.46,3
4036,L,Device_4036,263.08,1
4037,L,Device_4037,238.12,1
4038,L,Device_4038,179.55,1
4039,L,Device_4039,236.41,3
4040,L,Device_4040,198.31,1
4041,L,Device_4041,217.33,3
4042,L,Device_4042,342.45,3
4043,L,Device_4043,122.11,1
4044,L,Device_4044,143.42,1
4045,L,Device_4045,168.06,3
4046,,Device_4046,100,3
4047,L,Device_4047,225.68,3
4048,L,Device_4048,160.92,3
4049,L,Device_4049,243.2,1
4050,S,Device_4050,1079.38,0
4051,L,Device_4051,274.88,1
4052,L,Device_4052,246.2,3
4053,L,Device_4053,138.49,1
4054,L,Device_4054,226.76,1
4055,L,Device_4055,218.38,3
4056,L,Device_4056,165.73,1
4057,L,Device_4057,205.47,1
4058,L,Device_4058,243.34,1
4059,L,Device_4059,148.11,1
4060,L,Device_4060,211.9,1
4061,L,Device_4061,250.32,1
4062,L,Device_4062,265.74,1
4063,L,Device_4063,196.77,3
4064,L,Device_4064,210.68,3
4065,L,Device_4065,223.77,1
4066,L,Device_4066,183.97,3
4067,L,Device_4067,183.61,1
4068,L,Device_4068,233.92,2
4069,L,Device_4069,141.94,1
4070,L,Device_4070,139.59,1
4071,L,Device_4071,140.26,2
4072,S,Device_4072,1119.43,0
4073,L,,100,3
4074,S,Device_4074,1494.98,0
4075,S,Device_4075,1286.22,0
4076,L,Device_4076,174.43,1
4077,L,Device_4077,218.96,1
4078,S,Device_4078,1183.04,0
4079,L,Device_4079,191.29,1
4080,L,Device_4080,127.16,1
4081,L,Device_4081,252.42,2
4082,L,Device_4082,213.78,1
4083,L,Device_4083,329.48,1
4084,L,Device_4084,206.59,1
4085,L,Device_4085,221.68,2
4086,L,Device_4086,230.18,2
4087,L,Device_4087,209.08,3
4088,L,Device_4088,183.83,3
4089,L,Device_4089,226.4,3
4090,L,Device_4090,245.12,1
4091,L,Device_4091,197.82,1
4092,L,Device_4092,243.12,1
4093,L,Device_4093,241.72,3
4094,L,Device_4094,285.45,1
4095,L,Device_4095,188.58,3
4096,L,Device_4096,188.58,2
4097,L,Device_4097,176.58,1
4098,L,Device_4098,276.32,3
4099,L,Device_4099,188.81,2
4100,S,Device_4100,1423.94,0
4101,L,Device_4101,201.19,3
4102,L,Device_4102,183.66,2
4103,L,Device_4103,245.56,2
4104,L,Device_4104,165.13,1
4105,L,Device_4105,148.69,3
4106,L,Device_4106,249.76,1
4107,L,Device_4107,169.74,3
4108,L,Device_4108,184.02,1
4109,L,Device_4109,159.49,3
4110,L,Device_4110,135.11,3
4111,L,Device_4111,214.43,1
4112,L,Device_4112,125.59,1
4113,L,Device_4113,270.25,3
4114,L,Device_4114,157.92,1
4115,L,Device_4115,244.43,1
4116,L,Device_4116,114.0,3
4117,L,Device_4117,153.18,3
4118,L,Device_4118,255.8,2
4119,L,Device_4119,214.69,1
4120,L,Device_4120,206.12,3
4121,L,Device_4121,177.52,1
4122,L,Device_4122,152.07,2
4123,L,Device_4123,170.34,2
4124,L,Device_4124,169.65,1
4125,L,Device_4125,147.99,1
4126,S,Device_4126,1420.85,0
4127,L,Device_4127,249.3,2
4128,L,Device_4128,197.86,1
4129,L,Device_4129,160.47,1
4130,L,Device_4130,100,
4131,L,Device_4131,253.0,1
4132,L,Device_4132,197.98,1
4133,L,Device_4133,256.18,1
4134,L,Device_4134,208.7,1
4135,L,Device_4135,123.96,3
4136,L,Device_4136,219.62,3
4137,L,Device_4137,98.81,2
4138,L,Device_4138,128.28,1
4139,L,Device_4139,187.51,3
4140,L,Device_4140,257.2,3
4141,L,Device_4141,210.83,3
4142,L,Device_4142,154.05,1
4143,L,Device_4143,167.9,1
4144,L,Device_4144,225.86,1
4145,L,Device_4145,219.87,1
4146,L,Device_4146,235.52,3
4147,L,Device_4147,285.23,1
4148,L,Device_4148,207.73,1
4149,L,Device_4149,122.94,3
4150,L,Device_4150,239.14,3
4151,L,Device_4151,218.16,1
4152,L,Device_4152,175.96,2
4153,L,Device_4153,116.25,1
4154,L,Device_4154,166.1,1
4155,L,Device_4155,190.34,1
4156,L,Device_4156,199.69,1
4157,L,Device_4157,258.74,3
4158,L,Device_4158,174.18,1
4159,L,Device_4159,254.89,1
4160,L,Device_4160,196.08,1
4161,L,Device_4161,197.4,1
4162,L,Device_4162,151.77,3
4163,L,Device_4163,142.21,2
4164,L,Device_4164,152.48,1
4165,L,Device_4165,172.62,1
4166,L,Device_4166,197.21,3
4167,L,Device_4167,240.31,1
4168,L,Device_4168,233.71,3
4169,L,Device_4169,207.15,1
4170,L,Device_4170,218.51,3
4171,L,Device_4171,176.52,3
4172,L,Device_4172,210.99,1
4173,L,Device_4173,284.45,1
4174,L,Device_4174,250.08,1
4175,L,Device_4175,173.48,1
4176,L,Device_4176,153.04,2
4177,L,Device_4177,145.53,3
4178,L,Device_4178,213.76,1
4179,S,Device_4179,1243.37,0
4180,L,Device_4180,233.87,1
4181,L,Device_4181,154.19,1
4182,L,Device_4182,200.55,1
4183,L,Device_4183,163.35,1
4184,L,Device_4184,189.03,1
4185,L,Device_4185,215.48,3
4186,L,Device_4186,126.85,1
4187,L,Device_4187,175.86,3
4188,L,Device_4188,288.16,1
4189,L,Device_4189,190.26,3
4190,L,Device_4190,182.43,1
4191,L,Device_4191,222.11,3
4192,L,Device_4192,173.47,3
4193,L,Device_4193,199.01,1
4194,L,Device_4194,319.26,2
4195,L,Device_4195,116.5,2
4196,L,Device_4196,158.6,1
4197,L,Device_4197,206.22,1
4198,L,Device_4198,283.8,1
4199,L,Device_4199,220.63,1
4200,L,Device_4200,229.7,1
4201,L,Device_4201,66.76,2
4202,L,Device_4202,197.36,3
4203,L,Device_4203,191.04,3
4204,L,Device_4204,300.53,3
4205,L,Device_4205,231.52,3
4206,L,Device_4206,186.93,1
4207,L,Device_4207,240.86,1
4208,L,Device_4208,180.72,2
4209,L,Device_4209,122.28,1
4210,L,Device_4210,333.34,1
4211,L,Device_4211,207.28,1
4212,L,Device_4212,322.52,1
4213,L,Device_4213,184.13,3
4214,L,Device_4214,189.4,1
4215,L,Device_4215,151.83,1
4216,L,Device_4216,222.39,1
4217,L,Device_4217,107.24,3
4218,L,Device_4218,232.82,1
4219,L,Device_4219,220.88,1
4220,L,Device_4220,252.15,1
4221,L,Device_4221,268.51,1
4222,L,Device_4222,183.94,1
4223,L,Device_4223,205.57,1
4224,L,Device_4224,209.59,1
4225,L,Device_4225,244.56,1
4226,L,Device_4226,167.37,3
4227,L,Device_4227,190.42,1
4228,L,Device_4228,201.31,1
4229,L,Device_4229,300.41,1
4230,L,Device_4230,177.46,1
4231,L,Device_4231,199.2,1
4232,L,Device_4232,125.08,2
4233,L,Device_4233,232.24,1
4234,L,Device_4234,234.63,2
4235,L,Device_4235,276.65,3
4236,L,Device_4236,224.83,1
4237,L,Device_4237,242.25,1
4238,L,Device_4238,302.21,3
4239,S,Device_4239,1340.6,0
4240,L,Device_4240,199.8,1
4241,L,Device_4241,201.88,1
4242,L,Device_4242,246.54,1
4243,L,Device_4243,220.81,1
4244,L,Device_4244,146.71,2
4245,L,Device_4245,279.59,1
4246,L,Device_4246,175.99,3
4247,S,Device_4247,1345.79,0
4248,L,Device_4248,210.76,2
4249,L,Device_4249,196.79,1
4250,L,Device_4250,232.65,2
4251,L,Device_4251,214.0,3
4252,L,Device_4252,228.47,1
4253,L,Device_4253,205.61,3
4254,L,Device_4254,102.3,1
4255,L,Device_4255,120.74,1
4256,L,Device_4256,199.02,1
4257,L,Device_4257,96.13,1
4258,L,Device_4258,219.57,1
4259,L,Device_4259,266.61,1
4260,L,Device_4260,167.2,2
4261,L,Device_4261,272.97,2
4262,L,Device_4262,191.87,2
4263,L,Device_4263,239.2,3
4264,L,Device_4264,214.59,3
4265,L,Device_4265,228.22,2
4266,L,Device_4266,197.75,1
4267,L,Device_4267,202.24,3
4268,S,Device_4268,1324.92,0
4269,L,Device_4269,235.91,2
4270,L,,100,3
4271,L,Device_4271,316.16,2
4272,L,Device_4272,109.53,1
4273,S,Device_4273,1227.75,0
4274,L,Device_4274,188.43,3
4275,L,Device_4275,165.21,1
4276,L,Device_4276,274.99,1
4277,L,Device_4277,288.77,1
4278,S,Device_4278,1848.49,0
4279,L,Device_4279,222.67,1
4280,L,Device_4280,197.71,3
4281,L,Device_4281,167.39,3
4282,S,Device_4282,1370.52,0
4283,L,Device_4283,164.04,3
4284,L,Device_4284,268.27,1
4285,L,Device_4285,243.51,1
4286,L,Device_4286,38.74,3
4287,L,Device_4287,228.29,1
4288,L,Device_4288,213.85,2
4289,L,Device_4289,188.07,3
4290,L,Device_4290,261.12,1
4291,L,Device_4291,292.69,1
4292,L,Device_4292,169.53,1
4293,L,Device_4293,290.12,1
4294,L,Device_4294,162.44,1
4295,L,Device_4295,182.69,1
4296,L,Device_4296,224.75,3
4297,L,Device_4297,147.01,1
4298,L,Device_4298,243.54,1
4299,L,Device_4299,237.7,2
4300,L,Device_4300,,3
4301,L,Device_4301,221.45,1
4302,L,Device_4302,87.28,1
4303,L,Device_4303,156.65,2
4304,L,Device_4304,190.17,1
4305,L,Device_4305,151.6,1
4306,L,Device_4306,178.36,3
4307,L,Device_4307,172.62,1
4308,L,Device_4308,158.05,2
4309,L,Device_4309,206.72,1
4310,L,Device_4310,168.67,1
4311,L,Device_4311,192.35,1
4312,L,Device_4312,157.19,3
4313,L,Device_4313,135.58,3
4314,L,Device_4314,209.35,2
4315,L,Device_4315,286.61,1
4316,L,Device_4316,304.37,2
4317,L,Device_4317,230.73,2
4318,L,Device_4318,157.63,1
4319,L,Device_4319,151.52,1
4320,L,Device_4320,147.38,1
4321,L,Device_4321,183.01,1
4322,L,Device_4322,147.35,1
4323,L,Device_4323,201.13,2
4324,L,Device_4324,101.82,3
4325,L,Device_4325,136.22,1
4326,L,Device_4326,109.44,3
4327,L,Device_4327,204.56,1
4328,L,Device_4328,,3
4329,L,Device_4329,223.88,3
4330,L,Device_4330,203.09,1
4331,L,Device_4331,186.96,1
4332,L,Device_4332,213.31,3
4333,L,Device_4333,137.2,3
4334,L,Device_4334,233.83,1
4335,L,Device_4335,263.54,1
4336,L,Device_4336,164.12,2
4337,L,Device_4337,201.5,3
4338,S,Device_4338,1434.13,0
4339,S,Device_4339,1192.27,0
4340,L,Device_4340,240.46,1
4341,L,Device_4341,137.66,3
4342,L,Device_4342,300.69,3
4343,L,Device_4343,279.04,3
4344,L,Device_4344,247.38,3
4345,S,Device_4345,1588.5,0
4346,L,Device_4346,200.91,3
4347,L,Device_4347,205.13,3
4348,L,Device_4348,213.72,3
4349,L,Device_4349,262.44,1
4350,L,Device_4350,274.26,1
4351,L,Device_4351,214.71,1
4352,L,Device_4352,221.02,1
4353,L,Device_4353,167.89,3
4354,L,Device_4354,190.13,1
4355,L,Device_4355,248.02,3
4356,L,Device_4356,283.11,1
4357,L,Device_4357,208.38,1
4358,L,Device_4358,168.81,1
4359,L,Device_4359,246.14,1
4360,L,Device_4360,198.17,1
4361,L,Device_4361,259.74,1
4362,L,Device_4362,229.14,2
4363,L,Device_4363,178.31,3
4364,L,Device_4364,175.94,1
4365,L,Device_4365,204.81,3
4366,L,Device_4366,182.98,3
4367,L,Device_4367,324.56,1
4368,L,Device_4368,160.14,3
4369,L,Device_4369,161.07,3
4370,L,Device_4370,207.24,3
4371,L,Device_4371,173.97,1
4372,L,Device_4372,273.41,2
4373,L,Device_4373,238.76,1
4374,L,Device_4374,225.38,3
4375,L,Device_4375,295.98,3
4376,L,Device_4376,158.5,1
4377,L,Device_4377,224.64,1
4378,L,Device_4378,155.74,2
4379,L,Device_4379,173.98,1
4380,L,Device_4380,265.96,3
4381,L,Device_4381,254.4,1
4382,L,Device_4382,222.21,1
4383,L,Device_4383,226.17,1
4384,L,Device_4384,92.89,3
4385,L,Device_4385,134.61,3
4386,L,Device_4386,249.52,2
4387,L,Device_4387,259.94,1
4388,L,Device_4388,166.16,1
4389,L,Device_4389,214.4,3
4390,L,Device_4390,135.0,2
4391,L,Device_4391,176.4,3
4392,L,Device_4392,188.89,1
4393,L,Device_4393,253.44,3
4394,L,Device_4394,134.28,1
4395,S,Device_4395,1518.96,0
4396,L,Device_4396,140.1,1
4397,S,Device_4397,1712.26,0
4398,L,Device_4398,174.16,1
4399,L,Device_4399,158.53,1
4400,L,Device_4400,177.27,1
4401,L,Device_4401,161.04,1
4402,L,Device_4402,280.67,1
4403,L,Device_4403,242.19,1
4404,S,Device_4404,1398.52,0
4405,S,Device_4405,1261.37,0
4406,L,Device_4406,124.85,2
4407,L,Device_4407,174.53,2
4408,L,Device_4408,207.39,1
4409,L,Device_4409,244.87,1
4410,L,Device_4410,139.61,3
4411,L,Device_4411,130.61,2
4412,L,Device_4412,244.39,3
4413,L,Device_4413,144.69,1
4414,L,Device_4414,218.78,1
4415,S,Device_4415,1705.57,0
4416,L,Device_4416,189.0,3
4417,L,Device_4417,157.11,1
4418,L,Device_4418,254.46,1
4419,L,Device_4419,157.49,3
4420,L,Device_4420,260.77,1
4421,L,Device_4421,171.22,1
4422,L,Device_4422,219.21,3
4423,L,Device_4423,184.36,3
4424,L,Device_4424,214.99,1
4425,L,Device_4425,168.32,3
4426,L,Device_4426,186.16,1
4427,L,Device_4427,140.7,1
4428,L,Device_4428,270.77,1
4429,L,Device_4429,233.61,1
4430,L,Device_4430,233.35,1
4431,,Device_4431,100,3
4432,L,Device_4432,80.58,3
4433,S,Device_4433,1498.27,0
4434,L,Device_4434,252.29,1
4435,L,Device_4435,218.88,1
4436,L,Device_4436,185.01,1
4437,L,Device_4437,135.65,1
4438,L,Device_4438,156.69,1
4439,L,Device_4439,120.92,1
4440,L,Device_4440,183.32,3
4441,L,Device_4441,121.58,3
4442,L,Device_4442,197.93,2
4443,L,Device_4443,108.07,3
4444,L,Device_4444,217.32,3
4445,L,Device_4445,178.79,3
4446,S,Device_4446,1929.0,0
4447,L,Device_4447,172.52,3
4448,L,Device_4448,160.79,3
4449,L,Device_4449,166.55,3
4450,L,Device_4450,169.38,1
4451,L,Device_4451,208.44,3
4452,L,Device_4452,202.99,1
4453,L,Device_4453,210.67,2
4454,L,Device_4454,157.9,1
4455,L,Device_4455,157.76,2
4456,L,Device_4456,178.83,1
4457,L,Device_4457,213.3,1
4458,L,Device_4458,181.41,1
4459,L,Device_4459,171.59,3
4460,L,Device_4460,264.65,1
4461,L,Device_4461,288.97,1
4462,L,Device_4462,146.47,1
4463,L,Device_4463,226.62,2
4464,L,Device_4464,,3
4465,L,Device_4465,239.65,3
4466,L,Device_4466,271.49,1
4467,L,Device_4467,214.18,1
4468,L,Device_4468,78.19,3
4469,L,Device_4469,214.37,1
4470,L,Device_4470,168.61,3
4471,L,Device_4471,220.08,3
4472,L,Device_4472,332.8,1
4473,L,Device_4473,210.45,1
4474,L,Device_4474,185.58,3
4475,L,Device_4475,100.48,3
4476,L,Device_4476,135.53,3
4477,L,Device_4477,235.93,1
4478,L,Device_4478,244.78,1
4479,L,Device_4479,255.02,1
4480,L,Device_4480,180.17,1
4481,L,Device_4481,280.03,3
4482,L,Device_4482,239.67,1
4483,L,Device_4483,250.74,2
4484,L,Device_4484,191.98,1
4485,L,Device_4485,208.4,1
4486,L,Device_4486,139.88,2
4487,L,Device_4487,211.18,2
4488,L,Device_4488,221.39,1
4489,S,Device_4489,1378.23,0
4490,L,Device_4490,169.79,1
4491,L,Device_4491,216.64,1
4492,L,Device_4492,275.96,3
4493,L,Device_4493,242.87,1
4494,L,Device_4494,180.02,1
4495,L,Device_4495,226.12,3
4496,L,Device_4496,215.96,1
4497,L,Device_4497,174.36,2
4498,L,Device_4498,280.82,3
4499,L,Device_4499,125.06,1
4500,S,Device_4500,1221.36,0
4501,L,Device_4501,193.42,3
4502,L,Device_4502,250.76,1
4503,S,Device_4503,1217.81,0
4504,L,Device_4504,179.4,1
4505,L,Device_4505,325.91,1
4506,L,Device_4506,232.87,1
4507,L,Device_4507,116.31,1
4508,L,Device_4508,288.91,2
4509,L,Device_4509,217.73,3
4510,L,Device_4510,242.96,1
4511,L,Device_4511,180.88,1
4512,L,Device_4512,159.33,1
4513,L,Device_4513,243.39,2
4514,L,Device_4514,246.22,3
4515,L,Device_4515,204.33,3
4516,L,Device_4516,197.42,1
4517,L,Device_4517,228.62,2
4518,L,Device_4518,180.11,1
4519,L,Device_4519,246.7,1
4520,L,Device_4520,232.96,3
4521,L,Device_4521,278.84,1
4522,L,Device_4522,263.16,1
4523,L,Device_4523,239.39,1
4524,L,Device_4524,239.05,3
4525,L,Device_4525,233.68,1
4526,L,Device_4526,200.38,1
4527,L,Device_4527,278.72,3
4528,L,Device_4528,210.91,3
4529,L,Device_4529,272.46,3
4530,L,Device_4530,243.12,1
4531,L,Device_4531,204.86,2
4532,L,Device_4532,198.0,3
4533,L,Device_4533,172.03,1
4534,L,Device_4534,179.33,3
4535,L,Device_4535,103.34,3
4536,L,Device_4536,157.75,3
4537,L,Device_4537,274.73,3
4538,L,Device_4538,293.81,1
4539,L,Device_4539,183.28,2
4540,L,Device_4540,213.62,1
4541,L,Device_4541,96.95,1
4542,L,Device_4542,201.45,1
4543,L,Device_4543,154.66,3
4544,L,Device_4544,201.19,2
4545,L,Device_4545,205.96,3
4546,L,Device_4546,127.41,3
4547,L,Device_4547,223.98,1
4548,L,Device_4548,178.35,2
4549,L,Device_4549,217.55,3
4550,L,Device_4550,185.72,3
4551,L,Device_4551,213.46,1
4552,L,Device_4552,136.7,3
4553,L,Device_4553,233.13,1
4554,L,Device_4554,201.28,2
4555,L,Device_4555,208.7,1
4556,L,Device_4556,314.8,1
4557,L,Device_4557,246.62,1
4558,L,Device_4558,220.25,1
4559,L,Device_4559,95.8,3
4560,L,Device_4560,155.66,1
4561,L,Device_4561,289.09,1
4562,L,Device_4562,216.65,3
4563,L,Device_4563,200.62,3
4564,L,Device_4564,102.79,3
4565,L,Device_4565,137.38,2
4566,L,Device_4566,183.02,1
4567,L,Device_4567,225.78,1
4568,L,Device_4568,154.75,3
4569,L,Device_4569,145.69,1
4570,L,Device_4570,187.05,1
4571,L,Device_4571,186.99,3
4572,L,Device_4572,226.42,2
4573,L,Device_4573,136.7,1
4574,L,Device_4574,224.08,1
4575,L,Device_4575,240.69,3
4576,L,Device_4576,183.09,3
4577,S,Device_4577,1534.62,0
4578,L,Device_4578,199.57,2
4579,L,Device_4579,168.95,1
4580,L,Device_4580,127.14,3
4581,L,Device_4581,130.46,2
4582,L,Device_4582,200.92,3
4583,L,Device_4583,231.54,1
4584,L,Device_4584,211.96,1
4585,L,Device_4585,297.25,2
4586,L,Device_4586,186.64,1
4587,L,Device_4587,131.45,3
4588,L,Device_4588,146.76,1
4589,L,Device_4589,199.47,1
4590,L,Device_4590,245.63,1
4591,L,Device_4591,152.58,1
4592,L,Device_4592,153.65,2
4593,L,Device_4593,147.29,1
4594,L,Device_4594,228.96,1
4595,L,Device_4595,162.36,3
4596,S,Device_4596,1397.04,0
4597,L,Device_4597,181.22,1
4598,L,Device_4598,194.81,1
4599,L,Device_4599,244.24,1
4600,L,Device_4600,228.46,3
4601,L,Device_4601,227.37,2
4602,L,Device_4602,275.77,1
4603,L,Device_4603,136.64,1
4604,L,Device_4604,180.34,3
4605,L,Device_4605,234.24,1
4606,L,Device_4606,209.28,3
4607,L,Device_4607,181.76,1
4608,L,Device_4608,136.27,1
4609,L,Device_4609,154.06,2
4610,S,Device_4610,1059.37,0
4611,L,Device_4611,232.67,1
4612,L,Device_4612,178.88,2
4613,L,Device_4613,251.54,3
4614,L,Device_4614,238.32,1
4615,L,Device_4615,156.9,3
4616,S,Device_4616,1761.18,0
4617,L,Device_4617,157.38,1
4618,L,Device_4618,303.57,3
4619,L,Device_4619,189.51,2
4620,L,Device_4620,263.66,1
4621,L,Device_4621,228.53,1
4622,L,Device_4622,252.38,1
4623,L,,100,3
4624,L,Device_4624,203.42,1
4625,L,Device_4625,232.34,1
4626,L,Device_4626,197.74,2
4627,L,Device_4627,152.49,1
4628,L,Device_4628,168.97,1
4629,L,Device_4629,122.26,3
4630,L,Device_4630,104.17,1
4631,L,Device_4631,216.18,3
4632,L,Device_4632,191.14,1
4633,S,Device_4633,1280.14,0
4634,L,Device_4634,178.71,1
4635,L,Device_4635,172.71,3
4636,L,Device_4636,235.05,1
4637,L,Device_4637,170.65,3
4638,L,Device_4638,126.12,3
4639,L,Device_4639,112.11,2
4640,L,Device_4640,99.82,1
4641,L,Device_4641,281.36,2
4642,L,Device_4642,246.57,1
4643,L,Device_4643,177.09,1
4644,L,Device_4644,169.33,3
4645,L,Device_4645,106.42,1
4646,L,Device_4646,150.64,1
4647,L,Device_4647,214.28,1
4648,L,Device_4648,213.33,3
4649,L,Device_4649,149.02,3
4650,L,Device_4650,204.45,1
4651,S,Device_4651,1804.2,0
4652,L,Device_4652,167.51,1
4653,L,Device_4653,178.59,1
4654,L,Device_4654,169.52,3
4655,S,Device_4655,1328.55,0
4656,L,Device_4656,286.18,2
4657,L,Device_4657,120.5,3
4658,S,Device_4658,1381.05,0
4659,L,Device_4659,235.28,3
4660,L,Device_4660,178.29,1
4661,L,Device_4661,183.21,1
4662,L,Device_4662,184.25,1
4663,L,Device_4663,207.01,1
4664,L,Device_4664,193.24,3
4665,L,Device_4665,254.24,2
4666,L,Device_4666,222.91,3
4667,L,Device_4667,229.87,3
4668,L,Device_4668,313.24,1
4669,L,Device_4669,136.59,3
4670,L,Device_4670,203.9,3
4671,,Device_4671,100,3
4672,L,Device_4672,235.9,2
4673,L,Device_4673,157.07,1
4674,L,Device_4674,160.52,1
4675,L,Device_4675,152.71,2
4676,L,Device_4676,260.51,2
4677,L,Device_4677,123.81,3
4678,L,Device_4678,100,
4679,L,Device_4679,162.77,1
4680,,Device_4680,100,3
4681,L,Device_4681,124.65,1
4682,L,Device_4682,112.6,1
4683,L,Device_4683,85.96,1
4684,L,Device_4684,249.65,2
4685,S,Device_4685,1459.31,0
4686,L,Device_4686,180.99,2
4687,L,Device_4687,140.05,2
4688,L,Device_4688,143.71,2
4689,L,Device_4689,152.25,1
4690,L,Device_4690,172.47,1
4691,L,Device_4691,195.37,1
4692,L,Device_4692,133.94,1
4693,L,Device_4693,181.27,1
4694,L,Device_4694,273.79,1
4695,L,Device_4695,218.23,3
4696,L,Device_4696,177.9,1
4697,L,Device_4697,189.12,1
4698,L,Device_4698,218.84,3
4699,S,Device_4699,1323.03,0
4700,L,Device_4700,100.3,1
4701,L,Device_4701,200.17,1
4702,L,Device_4702,240.49,1
4703,L,Device_4703,185.88,3
4704,L,Device_4704,243.98,1
4705,L,Device_4705,205.45,3
4706,L,Device_4706,194.12,1
4707,L,Device_4707,173.24,2
4708,L,Device_4708,169.12,3
4709,L,Device_4709,283.92,1
4710,L,Device_4710,201.66,1
4711,L,Device_4711,75.71,2
4712,L,Device_4712,163.31,1
4713,L,Device_4713,139.59,3
4714,L,Device_4714,184.03,1
4715,L,Device_4715,176.75,1
4716,L,Device_4716,212.5,1
4717,L,Device_4717,182.38,1
4718,L,Device_4718,,3
4719,L,Device_4719,151.31,2
4720,L,Device_4720,193.87,1
4721,L,Device_4721,143.19,3
4722,L,Device_4722,203.07,3
4723,L,Device_4723,185.42,3
4724,L,Device_4724,188.98,2
4725,L,Device_4725,191.11,1
4726,L,Device_4726,170.45,3
4727,L,Device_4727,243.73,1
4728,L,Device_4728,238.65,3
4729,L,Device_4729,198.33,1
4730,L,Device_4730,148.14,3
4731,L,Device_4731,209.98,1
4732,L,Device_4732,277.35,3
4733,L,Device_4733,185.53,2
4734,S,Device_4734,1633.24,0
4735,L,Device_4735,202.96,2
4736,L,Device_4736,210.83,2
4737,L,Device_4737,208.67,3
4738,L,Device_4738,184.14,2
4739,L,Device_4739,252.04,1
4740,L,Device_4740,260.45,1
4741,L,Device_4741,200.44,3
4742,L,Device_4742,193.67,2
4743,L,Device_4743,316.97,2
4744,L,Device_4744,237.41,1
4745,L,Device_4745,232.16,1
4746,L,Device_4746,154.94,3
4747,L,Device_4747,268.21,1
4748,L,Device_4748,143.92,1
4749,L,Device_4749,201.15,1
4750,L,Device_4750,24.1,3
4751,L,Device_4751,193.07,3
4752,L,Device_4752,228.06,3
4753,L,Device_4753,142.49,1
4754,L,Device_4754,109.7,3
4755,L,Device_4755,199.05,1
4756,L,Device_4756,300.94,2
4757,L,Device_4757,194.25,2
4758,L,Device_4758,180.87,3
4759,L,Device_4759,204.01,1
4760,L,Device_4760,214.72,1
4761,L,Device_4761,269.54,1
4762,L,Device_4762,173.19,3
4763,L,Device_4763,284.37,1
4764,L,Device_4764,239.83,3
4765,L,Device_4765,186.76,3
4766,L,Device_4766,225.53,1
4767,L,Device_4767,132.97,3
4768,L,Device_4768,246.9,1
4769,S,Device_4769,1188.57,0
4770,L,Device_4770,207.49,3
4771,L,Device_4771,279.7,3
4772,L,Device_4772,150.39,1
4773,L,Device_4773,125.92,1
4774,L,Device_4774,200.12,3
4775,L,Device_4775,168.36,2
4776,L,Device_4776,175.56,1
4777,L,Device_4777,222.12,1
4778,L,Device_4778,147.89,1
4779,L,Device_4779,194.18,1
4780,L,Device_4780,200.98,1
4781,L,Device_4781,156.03,1
4782,L,,100,3
4783,L,Device_4783,179.13,2
4784,L,Device_4784,195.68,2
4785,L,Device_4785,95.53,3
4786,L,Device_4786,241.39,3
4787,L,Device_4787,245.06,1
4788,L,Device_4788,201.92,3
4789,L,Device_4789,151.22,1
4790,L,Device_4790,201.88,1
4791,L,Device_4791,132.88,1
4792,L,Device_4792,247.45,2
4793,L,Device_4793,216.37,2
4794,L,Device_4794,149.29,1
4795,L,Device_4795,277.42,3
4796,L,Device_4796,234.81,3
4797,L,Device_4797,201.29,1
4798,L,Device_4798,238.54,1
4799,L,Device_4799,203.2,1
4800,L,Device_4800,121.32,3
4801,L,Device_4801,179.67,1
4802,L,Device_4802,245.93,3
4803,L,Device_4803,154.61,1
4804,L,Device_4804,193.56,1
4805,L,,100,3
4806,L,Device_4806,161.66,1
4807,L,Device_4807,216.09,1
4808,L,Device_4808,142.84,3
4809,L,Device_4809,205.87,3
4810,L,Device_4810,109.26,1
4811,L,Device_4811,201.06,1
4812,L,Device_4812,164.19,1
4813,L,Device_4813,195.48,1
4814,L,Device_4814,260.11,3
4815,L,Device_4815,173.67,1
4816,S,Device_4816,1147.94,0
4817,L,Device_4817,84.35,1
4818,L,Device_4818,230.79,3
4819,L,Device_4819,201.27,1
4820,L,Device_4820,208.53,3
4821,L,Device_4821,161.09,1
4822,L,Device_4822,221.04,1
4823,L,Device_4823,149.93,1
4824,L,Device_4824,178.12,3
4825,L,,100,3
4826,L,Device_4826,259.13,1
4827,L,Device_4827,272.79,3
4828,L,Device_4828,258.89,2
4829,L,Device_4829,280.06,1
4830,L,Device_4830,214.14,2
4831,L,Device_4831,249.93,1
4832,L,Device_4832,211.52,3
4833,L,Device_4833,139.51,3
4834,L,Device_4834,136.93,1
4835,L,Device_4835,208.87,2
4836,L,Device_4836,176.07,2
4837,L,Device_4837,164.01,1
4838,L,Device_4838,154.83,1
4839,L,Device_4839,174.45,3
4840,L,Device_4840,203.95,3
4841,L,Device_4841,276.33,1
4842,L,Device_4842,149.88,3
4843,L,Device_4843,224.34,1
4844,L,Device_4844,203.11,3
4845,L,Device_4845,220.19,1
4846,L,Device_4846,180.51,1
4847,L,Device_4847,245.42,3
4848,L,Device_4848,268.21,1
4849,L,Device_4849,100,
4850,L,Device_4850,236.82,2
4851,L,Device_4851,144.99,3
4852,L,Device_4852,229.43,1
4853,L,Device_4853,104.94,1
4854,L,Device_4854,221.75,3
4855,L,Device_4855,255.16,3
4856,L,Device_4856,183.73,3
4857,L,Device_4857,162.35,3
4858,L,Device_4858,152.59,3
4859,L,Device_4859,196.22,1
4860,L,Device_4860,208.24,3
4861,L,Device_4861,204.86,3
4862,L,Device_4862,296.84,1
4863,L,Device_4863,198.29,1
4864,L,Device_4864,178.82,1
4865,L,Device_4865,158.77,2
4866,L,Device_4866,149.94,1
4867,L,Device_4867,178.66,3
4868,L,Device_4868,206.69,2
4869,L,Device_4869,230.25,1
4870,L,Device_4870,271.51,1
4871,L,Device_4871,107.04,3
4872,L,Device_4872,224.13,2
4873,L,Device_4873,266.35,1
4874,L,Device_4874,141.08,3
4875,L,Device_4875,225.76,3
4876,L,Device_4876,160.15,3
4877,L,Device_4877,267.91,3
4878,L,Device_4878,195.44,1
4879,L,Device_4879,150.28,2
4880,L,Device_4880,253.52,1
4881,L,Device_4881,265.85,2
4882,L,Device_4882,194.23,1
4883,L,Device_4883,186.49,1
4884,L,Device_4884,260.39,3
4885,L,Device_4885,141.35,2
4886,L,Device_4886,138.19,3
4887,L,Device_4887,193.21,2
4888,L,Device_4888,147.78,1
4889,L,Device_4889,167.45,3
4890,L,Device_4890,181.78,1
4891,L,Device_4891,374.07,1
4892,L,Device_4892,199.79,3
4893,L,Device_4893,138.48,3
4894,L,Device_4894,184.27,1
4895,L,Device_4895,172.94,1
4896,L,Device_4896,118.93,2
4897,L,Device_4897,214.85,1
4898,L,Device_4898,182.49,1
4899,L,Device_4899,156.99,3
4900,L,Device_4900,169.15,1
4901,L,Device_4901,200.48,2
4902,L,Device_4902,212.42,3
4903,L,Device_4903,278.01,1
4904,L,Device_4904,245.95,1
4905,L,Device_4905,197.15,3
4906,L,Device_4906,200.14,3
4907,L,Device_4907,260.71,1
4908,L,Device_4908,197.37,1
4909,L,Device_4909,170.56,3
4910,S,Device_4910,1053.74,0
4911,L,Device_4911,66.75,1
4912,L,Device_4912,182.67,2
4913,L,Device_4913,242.68,2
4914,L,Device_4914,195.21,1
4915,S,Device_4915,1219.81,0
4916,L,Device_4916,170.21,3
4917,L,Device_4917,293.37,3
4918,L,Device_4918,118.14,1
4919,L,Device_4919,242.82,1
4920,L,Device_4920,181.5,3
4921,L,Device_4921,144.6,1
4922,L,Device_4922,183.04,3
4923,L,Device_4923,213.64,1
4924,L,Device_4924,229.97,3
4925,L,Device_4925,180.12,3
4926,L,Device_4926,197.76,1
4927,L,Device_4927,258.94,3
4928,L,Device_4928,189.25,1
4929,L,Device_4929,175.22,1
4930,L,Device_4930,133.04,1
4931,L,Device_4931,153.27,1
4932,L,Device_4932,208.53,3
4933,L,Device_4933,125.12,1
4934,L,Device_4934,196.71,3
4935,L,Device_4935,198.54,1
4936,L,Device_4936,45.52,1
4937,L,Device_4937,178.5,1
4938,L,Device_4938,196.4,3
4939,L,Device_4939,131.73,2
4940,L,Device_4940,173.92,2
4941,L,Device_4941,289.15,1
4942,L,Device_4942,262.86,3
4943,L,Device_4943,238.08,2
4944,L,Device_4944,161.39,1
4945,L,Device_4945,227.56,3
4946,L,Device_4946,165.51,2
4947,L,Device_4947,190.62,3
4948,L,Device_4948,230.87,1
4949,L,Device_4949,82.83,3
4950,L,Device_4950,119.83,1
4951,L,Device_4951,143.94,3
4952,L,Device_4952,106.65,1
4953,L,Device_4953,274.53,1
4954,L,Device_4954,254.42,1
4955,L,Device_4955,232.4,3
4956,L,Device_4956,219.64,1
4957,L,Device_4957,166.1,1
4958,L,Device_4958,239.76,3
4959,L,Device_4959,151.19,2
4960,L,Device_4960,197.9,2
4961,L,Device_4961,150.85,2
4962,L,Device_4962,283.6,1
4963,S,Device_4963,1791.3,0
4964,L,Device_4964,385.65,3
4965,L,Device_4965,246.43,3
4966,S,Device_4966,1388.79,0
4967,L,Device_4967,203.83,3
4968,L,Device_4968,169.59,2
4969,L,Device_4969,194.02,1
4970,L,Device_4970,114.74,1
4971,L,Device_4971,217.67,3
4972,L,Device_4972,208.75,1
4973,L,Device_4973,243.02,1
4974,L,Device_4974,93.54,2
4975,L,Device_4975,316.72,1
4976,L,Device_4976,107.22,1
4977,L,Device_4977,137.58,1
4978,L,Device_4978,253.54,3
4979,L,Device_4979,223.08,2
4980,L,Device_4980,170.65,1
4981,L,Device_4981,233.36,3
4982,L,Device_4982,206.79,1
4983,L,Device_4983,263.33,2
4984,L,Device_4984,110.32,3
4985,L,Device_4985,202.57,2
4986,L,Device_4986,194.53,2
4987,L,Device_4987,192.19,3
4988,L,Device_4988,230.04,1
4989,L,Device_4989,135.97,2
4990,L,Device_4990,192.37,1
4991,S,Device_4991,1239.45,0
4992,S,Device_4992,1489.76,0
4993,L,Device_4993,122.97,3
4994,L,Device_4994,219.62,3
4995,S,Device_4995,1165.59,0
4996,L,Device_4996,215.5,2
4997,L,Device_4997,245.27,1
4998,L,Device_4998,154.95,3
4999,L,Device_4999,256.31,3
